recno,Lambda,ID,PN,I(Lambda),n_I(Lambda)
1,372.7,[OII],SMP002,180.4," "
2,388.9,"H8,HeI",SMP002,17.0," "
3,396.9,"[NeIII],HeI",SMP002,15.7," "
4,410.2,"Hdelta,NIII",SMP002,25.7," "
5,434.0,Hgamma,SMP002,47.4," "
6,436.3,[OIII],SMP002,2.9," "
7,486.1,Hbeta,SMP002,100.0," "
8,495.9,[OIII],SMP002,88.4," "
9,500.7,[OIII],SMP002,249.2," "
10,587.6,HeI,SMP002,14.2," "
11,654.8,[NII],SMP002,13.0," "
12,656.3,Halpha,SMP002,284.9," "
13,658.3,[NII],SMP002,37.6," "
14,667.8,HeI,SMP002,3.7," "
15,706.5,HeI,SMP002,6.3," "
16,713.6,[ArIII],SMP002,10.1," "
17,372.7,[OII],SMP003,23.6," "
18,374.9,"HeII,HI2",SMP003,2.9," "
19,377.1,"H11,HeII,OIII",SMP003,3.7," "
20,379.8,H1O,SMP003,5.4," "
21,383.4,"HeII,H9",SMP003,7.4," "
22,386.9,[NeIII],SMP003,23.7," "
23,388.9,"H8,HeI",SMP003,19.0," "
24,396.9,"[NeIII],HeI",SMP003,29.1," "
25,402.6,HeI,SMP003,3.5," "
26,410.2,"Hdelta,NIII",SMP003,28.4," "
27,434.0,Hgamma,SMP003,46.3," "
28,436.3,[OIII],SMP003,6.4," "
29,447.2,HeI,SMP003,6.8," "
30,471.3,"[ArIV],HeI,[NeIV]",SMP003,1.1," "
31,486.1,Hbeta,SMP003,100.0," "
32,495.9,[OIII],SMP003,132.9," "
33,500.7,[OIII],SMP003,397.4," "
34,587.6,HeI,SMP003,11.4," "
35,630.0,[OI],SMP003,1.6," "
36,631.2,[SIII],SMP003,0.7," "
37,636.4,[OI],SMP003,0.6," "
38,654.8,[NII],SMP003,3.4," "
39,656.3,Halpha,SMP003,281.4," "
40,658.3,[NII],SMP003,9.7," "
41,667.8,HeI,SMP003,3.2," "
42,671.7,[SII],SMP003,0.3," "
43,673.1,[SII],SMP003,0.5," "
44,706.5,HeI,SMP003,8.0," "
45,713.6,[ArIII],SMP003,2.4," "
46,732.0,[OII],SMP003,5.5," "
47,733.0,[OII],SMP003,3.5," "
48,775.1,[ArIII],SMP003,0.7," "
49,342.6,[NeV],SMP006,26.7," "
50,344.4,OIII,SMP006,12.2," "
51,372.7,[OII],SMP006,98.4," "
52,377.1,"H11,HeII,OIII",SMP006,4.5," "
53,379.8,H1O,SMP006,5.8," "
54,383.4,"HeII,H9",SMP006,6.8," "
55,386.9,[NeIII],SMP006,93.7," "
56,388.9,"H8,HeI",SMP006,18.1," "
57,396.9,"[NeIII],HeI",SMP006,45.7," "
58,402.6,HeI,SMP006,3.1," "
59,406.9,[SII],SMP006,4.8," "
60,410.2,"Hdelta,NIII",SMP006,25.8," "
61,434.0,Hgamma,SMP006,46.6," "
62,436.3,[OIII],SMP006,16.0," "
63,447.2,HeI,SMP006,4.1," "
64,454.1,HeII,SMP006,1.7," "
65,468.6,HeII,SMP006,31.9," "
66,471.3,"[ArIV],HeI,[NeIV]",SMP006,3.8," "
67,474.0,[ArIV],SMP006,3.2," "
68,486.1,Hbeta,SMP006,100.0," "
69,495.9,[OIII],SMP006,373.1," "
70,500.7,[OIII],SMP006,,s
71,541.2,HeII,SMP006,4.7," "
72,587.6,HeI,SMP006,7.4," "
73,630.0,[OI],SMP006,6.9," "
74,631.2,[SIII],SMP006,1.4," "
75,636.4,[OI],SMP006,2.2," "
76,654.8,[NII],SMP006,11.3," "
77,656.3,Halpha,SMP006,279.3," "
78,658.3,[NII],SMP006,34.3," "
79,667.8,HeI,SMP006,3.5," "
80,671.7,[SII],SMP006,2.5," "
81,673.1,[SII],SMP006,5.1," "
82,700.6,[ArV],SMP006,1.1," "
83,706.5,HeI,SMP006,4.8," "
84,713.6,[ArIII],SMP006,8.0," "
85,732.0,[OII],SMP006,6.0," "
86,733.0,[OII],SMP006,4.7," "
87,775.1,[ArIII],SMP006,1.5," "
88,342.6,[NeV],SMP007,94.3," "
89,344.4,OIII,SMP007,16.8," "
90,372.7,[OII],SMP007,227.5," "
91,375.9,OIII,SMP007,6.8," "
92,377.1,"H11,HeII,OIII",SMP007,4.1," "
93,379.8,H1O,SMP007,4.3," "
94,383.4,"HeII,H9",SMP007,7.6," "
95,386.9,[NeIII],SMP007,75.1," "
96,388.9,"H8,HeI",SMP007,11.0," "
97,396.9,"[NeIII],HeI",SMP007,38.4," "
98,410.2,"Hdelta,NIII",SMP007,25.1," "
99,434.0,Hgamma,SMP007,47.6," "
100,436.3,[OIII],SMP007,31.4," "
101,468.6,HeII,SMP007,77.1," "
102,471.3,"[ArIV],HeI,[NeIV]",SMP007,8.0," "
103,474.0,[ArIV],SMP007,6.3," "
104,486.1,Hbeta,SMP007,100.0," "
105,495.9,[OIII],SMP007,335.8," "
106,500.7,[OIII],SMP007,,s
107,519.9,[NI],SMP007,11.7," "
108,541.2,HeII,SMP007,6.9," "
109,587.6,HeI,SMP007,5.6," "
110,630.0,[OI],SMP007,33.2," "
111,631.2,[SIII],SMP007,4.8," "
112,636.4,[OI],SMP007,12.3," "
113,654.8,[NII],SMP007,145.3," "
114,656.3,Halpha,SMP007,274.2," "
115,658.3,[NII],SMP007,425.8," "
116,667.8,HeI,SMP007,3.6," "
117,671.7,[SII],SMP007,10.2," "
118,673.1,[SII],SMP007,11.2," "
119,700.6,[ArV],SMP007,2.9," "
120,706.5,HeI,SMP007,3.2," "
121,713.6,[ArIII],SMP007,15.3," "
122,732.0,[OII],SMP007,11.8," "
123,733.0,[OII],SMP007,6.9," "
124,775.1,[ArIII],SMP007,4.6," "
125,342.6,[NeV],SMP013,4.8," "
126,344.4,OIII,SMP013,11.3," "
127,372.7,[OII],SMP013,61.3," "
128,374.9,"HeII,HI2",SMP013,11.6," "
129,377.1,"H11,HeII,OIII",SMP013,4.1," "
130,379.8,H1O,SMP013,6.0," "
131,383.4,"HeII,H9",SMP013,9.8," "
132,386.9,[NeIII],SMP013,98.5," "
133,388.9,"H8,HeI",SMP013,20.4," "
134,396.9,"[NeIII],HeI",SMP013,55.3," "
135,402.6,HeI,SMP013,5.8," "
136,406.9,[SII],SMP013,4.2," "
137,410.2,"Hdelta,NIII",SMP013,26.0," "
138,434.0,Hgamma,SMP013,46.7," "
139,436.3,[OIII],SMP013,19.7," "
140,447.2,HeI,SMP013,5.9," "
141,454.1,HeII,SMP013,2.0," "
142,468.6,HeII,SMP013,44.3," "
143,471.3,"[ArIV],HeI,[NeIV]",SMP013,5.7," "
144,474.0,[ArIV],SMP013,4.4," "
145,486.1,Hbeta,SMP013,100.0," "
146,495.9,[OIII],SMP013,360.8," "
147,500.7,[OIII],SMP013,,s
148,541.2,HeII,SMP013,3.6," "
149,587.6,HeI,SMP013,9.8," "
150,630.0,[OI],SMP013,2.3," "
151,631.2,[SIII],SMP013,1.5," "
152,654.8,[NII],SMP013,6.0," "
153,656.3,Halpha,SMP013,278.5," "
154,658.3,[NII],SMP013,14.4," "
155,667.8,HeI,SMP013,2.5," "
156,671.7,[SII],SMP013,1.6," "
157,673.1,[SII],SMP013,3.0," "
158,700.6,[ArV],SMP013,0.8," "
159,706.5,HeI,SMP013,3.3," "
160,713.6,[ArIII],SMP013,6.2," "
161,732.0,[OII],SMP013,2.6," "
162,733.0,[OII],SMP013,1.9," "
163,775.1,[ArIII],SMP013,2.0," "
164,342.6,[NeV],SMP014,78.3," "
165,372.7,[OII],SMP014,361.7," "
166,377.1,"H11,HeII,OIII",SMP014,8.0," "
167,383.4,"HeII,H9",SMP014,7.7," "
168,386.9,[NeIII],SMP014,156.7," "
169,388.9,"H8,HeI",SMP014,27.2," "
170,396.9,"[NeIII],HeI",SMP014,66.6," "
171,406.9,[SII],SMP014,9.2," "
172,407.6,[SII],SMP014,9.9," "
173,410.2,"Hdelta,NIII",SMP014,27.5," "
174,434.0,Hgamma,SMP014,48.0," "
175,436.3,[OIII],SMP014,25.6," "
176,447.2,HeI,SMP014,7.9," "
177,454.1,HeII,SMP014,5.7," "
178,468.6,HeII,SMP014,98.0," "
179,486.1,Hbeta,SMP014,100.0," "
180,495.9,[OIII],SMP014,247.0," "
181,500.7,[OIII],SMP014,,s
182,519.9,[NI],SMP014,22.3," "
183,587.6,HeI,SMP014,7.1," "
184,630.0,[OI],SMP014,33.6," "
185,631.2,[SIII],SMP014,12.2," "
186,636.4,[OI],SMP014,12.2," "
187,654.8,[NII],SMP014,255.2," "
188,656.3,Halpha,SMP014,278.7," "
189,658.3,[NII],SMP014,,s
190,671.7,[SII],SMP014,56.4," "
191,673.1,[SII],SMP014,46.4," "
192,706.5,HeI,SMP014,4.3," "
193,713.6,[ArIII],SMP014,21.5," "
194,732.0,[OII],SMP014,5.4," "
195,733.0,[OII],SMP014,2.3," "
196,775.1,[ArIII],SMP014,6.0," "
197,334.6,[NeV],SMP016,39.0," "
198,342.6,[NeV],SMP016,66.6," "
199,344.4,OIII,SMP016,6.1," "
200,372.7,[OII],SMP016,288.1," "
201,379.8,H1O,SMP016,5.9," "
202,383.4,"HeII,H9",SMP016,9.2," "
203,386.9,[NeIII],SMP016,129.2," "
204,388.9,"H8,HeI",SMP016,25.6," "
205,396.9,"[NeIII],HeI",SMP016,56.5," "
206,406.9,[SII],SMP016,16.6," "
207,410.2,"Hdelta,NIII",SMP016,26.5," "
208,434.0,Hgamma,SMP016,47.0," "
209,436.3,[OIII],SMP016,32.2," "
210,468.6,HeII,SMP016,73.0," "
211,471.3,"[ArIV],HeI,[NeIV]",SMP016,8.2," "
212,474.0,[ArIV],SMP016,6.0," "
213,486.1,Hbeta,SMP016,100.0," "
214,495.9,[OIII],SMP016,270.0," "
215,500.7,[OIII],SMP016,793.0," "
216,519.9,[NI],SMP016,21.2," "
217,541.2,HeII,SMP016,5.1," "
218,587.6,HeI,SMP016,10.2," "
219,630.0,[OI],SMP016,24.3," "
220,631.2,[SIII],SMP016,5.3," "
221,636.4,[OI],SMP016,7.9," "
222,654.8,[NII],SMP016,171.3," "
223,656.3,Halpha,SMP016,273.8," "
224,658.3,[NII],SMP016,508.4," "
225,667.8,HeI,SMP016,3.4," "
226,671.7,[SII],SMP016,32.9," "
227,673.1,[SII],SMP016,34.5," "
228,700.6,[ArV],SMP016,2.9," "
229,706.5,HeI,SMP016,3.0," "
230,713.6,[ArIII],SMP016,16.0," "
231,732.0,[OII],SMP016,7.5," "
232,733.0,[OII],SMP016,4.1," "
233,775.1,[ArIII],SMP016,3.4," "
234,334.6,[NeV],SMP019,40.6," "
235,342.6,[NeV],SMP019,32.3," "
236,344.4,OIII,SMP019,18.5," "
237,372.7,[OII],SMP019,212.6," "
238,379.8,H1O,SMP019,5.0," "
239,383.4,"HeII,H9",SMP019,9.3," "
240,386.9,[NeIII],SMP019,113.0," "
241,388.9,"H8,HeI",SMP019,22.6," "
242,396.9,"[NeIII],HeI",SMP019,54.1," "
243,402.6,HeI,SMP019,3.0," "
244,406.9,[SII],SMP019,7.4," "
245,410.2,"Hdelta,NIII",SMP019,26.5," "
246,434.0,Hgamma,SMP019,46.5," "
247,436.3,[OIII],SMP019,18.7," "
248,447.2,HeI,SMP019,5.6," "
249,454.1,HeII,SMP019,1.9," "
250,468.6,HeII,SMP019,46.7," "
251,471.3,"[ArIV],HeI,[NeIV]",SMP019,7.9," "
252,474.0,[ArIV],SMP019,5.2," "
253,486.1,Hbeta,SMP019,100.0," "
254,495.9,[OIII],SMP019,408.7," "
255,500.7,[OIII],SMP019,,s
256,541.2,HeII,SMP019,2.7," "
257,587.6,HeI,SMP019,9.2," "
258,630.0,[OI],SMP019,11.2," "
259,654.8,[NII],SMP019,26.8," "
260,656.3,Halpha,SMP019,279.7," "
261,658.3,[NII],SMP019,77.4," "
262,667.8,HeI,SMP019,3.0," "
263,671.7,[SII],SMP019,11.4," "
264,673.1,[SII],SMP019,15.9," "
265,706.5,HeI,SMP019,4.2," "
266,713.6,[ArIII],SMP019,13.3," "
267,732.0,[OII],SMP019,9.9," "
268,733.0,[OII],SMP019,4.0," "
269,775.1,[ArIII],SMP019,3.3," "
270,372.7,[OII],SMP024,264.2," "
271,386.9,[NeIII],SMP024,126.4," "
272,388.9,"H8,HeI",SMP024,21.7," "
273,396.9,"[NeIII],HeI",SMP024,57.5," "
274,410.2,"Hdelta,NIII",SMP024,25.9," "
275,434.0,Hgamma,SMP024,47.8," "
276,436.3,[OIII],SMP024,13.0," "
277,468.6,HeII,SMP024,78.3," "
278,486.1,Hbeta,SMP024,100.0," "
279,495.9,[OIII],SMP024,347.0," "
280,500.7,[OIII],SMP024,979.8," "
281,654.8,[NII],SMP024,33.7," "
282,656.3,Halpha,SMP024,284.0," "
283,658.3,[NII],SMP024,89.9," "
284,671.7,[SII],SMP024,12.9," "
285,673.1,[SII],SMP024,14.0," "
286,713.6,[ArIII],SMP024,11.0," "
287,334.6,[NeV],SMP029,12.3," "
288,342.6,[NeV],SMP029,63.0," "
289,344.4,OIII,SMP029,7.0," "
290,372.7,[OII],SMP029,42.1," "
291,374.9,"HeII,HI2",SMP029,3.2," "
292,375.9,OIII,SMP029,3.0," "
293,377.1,"H11,HeII,OIII",SMP029,3.8," "
294,379.8,H1O,SMP029,3.4," "
295,383.4,"HeII,H9",SMP029,7.5," "
296,386.9,[NeIII],SMP029,77.6," "
297,388.9,"H8,HeI",SMP029,12.2," "
298,396.9,"[NeIII],HeI",SMP029,39.0," "
299,402.6,HeI,SMP029,3.0," "
300,406.9,[SII],SMP029,10.8," "
301,407.6,[SII],SMP029,3.1," "
302,410.2,"Hdelta,NIII",SMP029,26.6," "
303,434.0,Hgamma,SMP029,47.3," "
304,436.3,[OIII],SMP029,29.4," "
305,447.2,HeI,SMP029,4.9," "
306,454.1,HeII,SMP029,2.0," "
307,468.6,HeII,SMP029,67.9," "
308,471.3,"[ArIV],HeI,[NeIV]",SMP029,11.3," "
309,472.5,[NeIV],SMP029,3.6," "
310,474.0,[ArIV],SMP029,15.2," "
311,486.1,Hbeta,SMP029,100.0," "
312,495.9,[OIII],SMP029,299.1," "
313,500.7,[OIII],SMP029,892.8," "
314,519.9,[NI],SMP029,11.5," "
315,541.2,HeII,SMP029,6.9," "
316,587.6,HeI,SMP029,13.1," "
317,630.0,[OI],SMP029,25.1," "
318,631.2,[SIII],SMP029,6.8," "
319,636.4,[OI],SMP029,7.9," "
320,654.8,[NII],SMP029,110.1," "
321,656.3,Halpha,SMP029,274.3," "
322,658.3,[NII],SMP029,350.4," "
323,667.8,HeI,SMP029,3.6," "
324,671.7,[SII],SMP029,12.3," "
325,673.1,[SII],SMP029,20.2," "
326,700.6,[ArV],SMP029,6.6," "
327,706.5,HeI,SMP029,8.9," "
328,713.6,[ArIII],SMP029,21.9," "
329,732.0,[OII],SMP029,14.7," "
330,733.0,[OII],SMP029,12.6," "
331,775.1,[ArIII],SMP029,6.5," "
332,334.6,[NeV],SMP032,13.2," "
333,342.6,[NeV],SMP032,22.2," "
334,344.4,OIII,SMP032,11.0," "
335,372.7,[OII],SMP032,78.6," "
336,383.4,"HeII,H9",SMP032,7.5," "
337,386.9,[NeIII],SMP032,74.6," "
338,388.9,"H8,HeI",SMP032,19.9," "
339,396.9,"[NeIII],HeI",SMP032,41.8," "
340,406.9,[SII],SMP032,13.4," "
341,410.2,"Hdelta,NIII",SMP032,26.5," "
342,434.0,Hgamma,SMP032,45.9," "
343,436.3,[OIII],SMP032,20.6," "
344,447.2,HeI,SMP032,4.3," "
345,468.6,HeII,SMP032,69.5," "
346,471.3,"[ArIV],HeI,[NeIV]",SMP032,7.0," "
347,474.0,[ArIV],SMP032,4.1," "
348,486.1,Hbeta,SMP032,100.0," "
349,495.9,[OIII],SMP032,330.9," "
350,500.7,[OIII],SMP032,944.0," "
351,541.2,HeII,SMP032,6.2," "
352,587.6,HeI,SMP032,7.9," "
353,630.0,[OI],SMP032,4.7," "
354,631.2,[SIII],SMP032,2.2," "
355,636.4,[OI],SMP032,2.5," "
356,654.8,[NII],SMP032,13.1," "
357,656.3,Halpha,SMP032,274.8," "
358,658.3,[NII],SMP032,31.9," "
359,667.8,HeI,SMP032,2.1," "
360,671.7,[SII],SMP032,4.2," "
361,673.1,[SII],SMP032,6.9," "
362,700.6,[ArV],SMP032,0.7," "
363,706.5,HeI,SMP032,3.6," "
364,713.6,[ArIII],SMP032,9.5," "
365,732.0,[OII],SMP032,4.3," "
366,733.0,[OII],SMP032,1.4," "
367,775.1,[ArIII],SMP032,3.3," "
368,342.6,[NeV],SMP033,25.1," "
369,344.4,OIII,SMP033,16.7," "
370,372.7,[OII],SMP033,120.7," "
371,374.9,"HeII,HI2",SMP033,3.5," "
372,375.9,OIII,SMP033,5.9," "
373,377.1,"H11,HeII,OIII",SMP033,4.6," "
374,379.8,H1O,SMP033,5.5," "
375,383.4,"HeII,H9",SMP033,8.6," "
376,386.9,[NeIII],SMP033,95.5," "
377,388.9,"H8,HeI",SMP033,16.6," "
378,396.9,"[NeIII],HeI",SMP033,47.1," "
379,406.9,[SII],SMP033,5.5," "
380,407.6,[SII],SMP033,2.7," "
381,410.2,"Hdelta,NIII",SMP033,27.0," "
382,434.0,Hgamma,SMP033,45.8," "
383,436.3,[OIII],SMP033,18.4," "
384,447.2,HeI,SMP033,3.7," "
385,468.6,HeII,SMP033,46.3," "
386,471.3,"[ArIV],HeI,[NeIV]",SMP033,5.2," "
387,472.5,[NeIV],SMP033,1.6," "
388,474.0,[ArIV],SMP033,3.8," "
389,486.1,Hbeta,SMP033,100.0," "
390,495.9,[OIII],SMP033,427.0," "
391,500.7,[OIII],SMP033,,s
392,519.9,[NI],SMP033,1.2," "
393,541.2,HeII,SMP033,5.4," "
394,587.6,HeI,SMP033,10.0," "
395,630.0,[OI],SMP033,11.9," "
396,631.2,[SIII],SMP033,4.2," "
397,636.4,[OI],SMP033,5.5," "
398,654.8,[NII],SMP033,28.7," "
399,656.3,Halpha,SMP033,281.8," "
400,658.3,[NII],SMP033,80.1," "
401,667.8,HeI,SMP033,2.7," "
402,671.7,[SII],SMP033,6.6," "
403,673.1,[SII],SMP033,11.5," "
404,700.6,[ArV],SMP033,1.4," "
405,706.5,HeI,SMP033,5.9," "
406,713.6,[ArIII],SMP033,14.2," "
407,732.0,[OII],SMP033,14.6," "
408,733.0,[OII],SMP033,10.3," "
409,775.1,[ArIII],SMP033,3.4," "
410,344.4,OIII,SMP035,3.4," "
411,372.7,[OII],SMP035,84.2," "
412,374.9,"HeII,HI2",SMP035,5.5," "
413,377.1,"H11,HeII,OIII",SMP035,2.8," "
414,379.8,H1O,SMP035,3.8," "
415,383.4,"HeII,H9",SMP035,6.4," "
416,386.9,[NeIII],SMP035,79.2," "
417,388.9,"H8,HeI",SMP035,18.8," "
418,396.9,"[NeIII],HeI",SMP035,43.8," "
419,410.2,"Hdelta,NIII",SMP035,26.3," "
420,434.0,Hgamma,SMP035,46.5," "
421,436.3,[OIII],SMP035,18.4," "
422,447.2,HeI,SMP035,4.1," "
423,468.6,HeII,SMP035,18.3," "
424,471.3,"[ArIV],HeI,[NeIV]",SMP035,4.8," "
425,474.0,[ArIV],SMP035,4.1," "
426,486.1,Hbeta,SMP035,100.0," "
427,495.9,[OIII],SMP035,428.9," "
428,500.7,[OIII],SMP035,,s
429,519.9,[NI],SMP035,2.2," "
430,541.2,HeII,SMP035,1.8," "
431,587.6,HeI,SMP035,9.8," "
432,630.0,[OI],SMP035,4.9," "
433,631.2,[SIII],SMP035,1.8," "
434,636.4,[OI],SMP035,3.5," "
435,654.8,[NII],SMP035,15.7," "
436,656.3,Halpha,SMP035,279.0," "
437,658.3,[NII],SMP035,46.2," "
438,667.8,HeI,SMP035,3.4," "
439,671.7,[SII],SMP035,2.8," "
440,673.1,[SII],SMP035,3.6," "
441,706.5,HeI,SMP035,3.8," "
442,713.6,[ArIII],SMP035,10.5," "
443,732.0,[OII],SMP035,2.5," "
444,733.0,[OII],SMP035,1.5," "
445,775.1,[ArIII],SMP035,3.1," "
446,372.7,[OII],SMP038,60.9," "
447,374.9,"HeII,HI2",SMP038,4.3," "
448,377.1,"H11,HeII,OIII",SMP038,3.7," "
449,379.8,H1O,SMP038,4.8," "
450,383.4,"HeII,H9",SMP038,8.9," "
451,386.9,[NeIII],SMP038,100.8," "
452,388.9,"H8,HeI",SMP038,22.3," "
453,396.9,"[NeIII],HeI",SMP038,53.6," "
454,402.6,HeI,SMP038,3.9," "
455,406.9,[SII],SMP038,6.3," "
456,410.2,"Hdelta,NIII",SMP038,26.0," "
457,434.0,Hgamma,SMP038,46.8," "
458,436.3,[OIII],SMP038,14.9," "
459,447.2,HeI,SMP038,7.6," "
460,486.1,Hbeta,SMP038,100.0," "
461,495.9,[OIII],SMP038,365.9," "
462,500.7,[OIII],SMP038,,s
463,587.6,HeI,SMP038,17.0," "
464,630.0,[OI],SMP038,9.4," "
465,631.2,[SIII],SMP038,2.8," "
466,636.4,[OI],SMP038,3.4," "
467,654.8,[NII],SMP038,18.8," "
468,656.3,Halpha,SMP038,280.0," "
469,658.3,[NII],SMP038,50.6," "
470,667.8,HeI,SMP038,5.4," "
471,671.7,[SII],SMP038,2.5," "
472,673.1,[SII],SMP038,4.9," "
473,706.5,HeI,SMP038,12.6," "
474,713.6,[ArIII],SMP038,17.1," "
475,732.0,[OII],SMP038,17.9," "
476,733.0,[OII],SMP038,10.3," "
477,775.1,[ArIII],SMP038,4.8," "
478,342.6,[NeV],SMP040,24.9," "
479,372.7,[OII],SMP040,233.5," "
480,383.4,"HeII,H9",SMP040,10.0," "
481,386.9,[NeIII],SMP040,105.5," "
482,388.9,"H8,HeI",SMP040,20.5," "
483,396.9,"[NeIII],HeI",SMP040,49.7," "
484,406.9,[SII],SMP040,10.7," "
485,410.2,"Hdelta,NIII",SMP040,26.7," "
486,434.0,Hgamma,SMP040,46.7," "
487,436.3,[OIII],SMP040,15.4," "
488,447.2,HeI,SMP040,8.6," "
489,468.6,HeII,SMP040,59.2," "
490,486.1,Hbeta,SMP040,100.0," "
491,495.9,[OIII],SMP040,295.5," "
492,500.7,[OIII],SMP040,855.8," "
493,519.9,[NI],SMP040,5.8," "
494,541.2,HeII,SMP040,3.4," "
495,587.6,HeI,SMP040,6.6," "
496,630.0,[OI],SMP040,16.8," "
497,631.2,[SIII],SMP040,4.6," "
498,636.4,[OI],SMP040,4.5," "
499,654.8,[NII],SMP040,45.8," "
500,656.3,Halpha,SMP040,279.1," "
501,658.3,[NII],SMP040,137.9," "
502,671.7,[SII],SMP040,15.9," "
503,673.1,[SII],SMP040,18.7," "
504,706.5,HeI,SMP040,3.2," "
505,713.6,[ArIII],SMP040,11.3," "
506,732.0,[OII],SMP040,7.2," "
507,733.0,[OII],SMP040,3.9," "
508,342.6,[NeV],SMP041,10.4," "
509,372.7,[OII],SMP041,91.0," "
510,377.1,"H11,HeII,OIII",SMP041,2.9," "
511,379.8,H1O,SMP041,5.4," "
512,383.4,"HeII,H9",SMP041,7.5," "
513,386.9,[NeIII],SMP041,87.1," "
514,388.9,"H8,HeI",SMP041,17.2," "
515,396.9,"[NeIII],HeI",SMP041,43.1," "
516,402.6,HeI,SMP041,4.5," "
517,410.2,"Hdelta,NIII",SMP041,26.3," "
518,434.0,Hgamma,SMP041,47.2," "
519,436.3,[OIII],SMP041,18.9," "
520,447.2,HeI,SMP041,4.2," "
521,468.6,HeII,SMP041,57.5," "
522,471.3,"[ArIV],HeI,[NeIV]",SMP041,7.6," "
523,474.0,[ArIV],SMP041,5.9," "
524,486.1,Hbeta,SMP041,100.0," "
525,495.9,[OIII],SMP041,320.3," "
526,500.7,[OIII],SMP041,,s
527,519.9,[NI],SMP041,3.1," "
528,541.2,HeII,SMP041,5.1," "
529,587.6,HeI,SMP041,5.7," "
530,630.0,[OI],SMP041,4.1," "
531,631.2,[SIII],SMP041,2.3," "
532,654.8,[NII],SMP041,42.0," "
533,656.3,Halpha,SMP041,277.8," "
534,658.3,[NII],SMP041,124.3," "
535,667.8,HeI,SMP041,5.2," "
536,671.7,[SII],SMP041,6.7," "
537,673.1,[SII],SMP041,7.8," "
538,706.5,HeI,SMP041,2.7," "
539,713.6,[ArIII],SMP041,11.4," "
540,732.0,[OII],SMP041,2.7," "
541,733.0,[OII],SMP041,2.2," "
542,775.1,[ArIII],SMP041,3.2," "
543,372.7,[OII],SMP042,9.5," "
544,386.9,[NeIII],SMP042,58.7," "
545,388.9,"H8,HeI",SMP042,21.7," "
546,396.9,"[NeIII],HeI",SMP042,26.0," "
547,410.2,"Hdelta,NIII",SMP042,25.5," "
548,434.0,Hgamma,SMP042,46.5," "
549,436.3,[OIII],SMP042,17.6," "
550,468.6,HeII,SMP042,8.0," "
551,471.3,"[ArIV],HeI,[NeIV]",SMP042,3.8," "
552,474.0,[ArIV],SMP042,3.4," "
553,486.1,Hbeta,SMP042,100.0," "
554,495.9,[OIII],SMP042,318.5," "
555,500.7,[OIII],SMP042,,s
556,587.6,HeI,SMP042,13.2," "
557,656.3,Halpha,SMP042,276.0," "
558,658.3,[NII],SMP042,11.3," "
559,667.8,HeI,SMP042,6.5," "
560,706.5,HeI,SMP042,5.6," "
561,713.6,[ArIII],SMP042,6.2," "
562,342.6,[NeV],SMP044,25.0," "
563,372.7,[OII],SMP044,264.7," "
564,386.9,[NeIII],SMP044,116.0," "
565,388.9,"H8,HeI",SMP044,29.9," "
566,396.9,"[NeIII],HeI",SMP044,50.7," "
567,402.6,HeI,SMP044,7.5," "
568,406.9,[SII],SMP044,9.9," "
569,410.2,"Hdelta,NIII",SMP044,26.8," "
570,434.0,Hgamma,SMP044,47.6," "
571,436.3,[OIII],SMP044,26.2," "
572,447.2,HeI,SMP044,8.7," "
573,468.6,HeII,SMP044,61.3," "
574,471.3,"[ArIV],HeI,[NeIV]",SMP044,8.4," "
575,474.0,[ArIV],SMP044,3.9," "
576,486.1,Hbeta,SMP044,100.0," "
577,495.9,[OIII],SMP044,261.8," "
578,500.7,[OIII],SMP044,757.7," "
579,519.9,[NI],SMP044,14.4," "
580,541.2,HeII,SMP044,3.6," "
581,587.6,HeI,SMP044,10.5," "
582,654.8,[NII],SMP044,189.7," "
583,656.3,Halpha,SMP044,274.9," "
584,658.3,[NII],SMP044,555.1," "
585,671.7,[SII],SMP044,29.7," "
586,673.1,[SII],SMP044,30.5," "
587,713.6,[ArIII],SMP044,7.8," "
588,372.7,[OII],SMP045,115.9," "
589,374.9,"HeII,HI2",SMP045,4.8," "
590,379.8,H1O,SMP045,5.7," "
591,386.9,[NeIII],SMP045,89.5," "
592,388.9,"H8,HeI",SMP045,16.2," "
593,396.9,"[NeIII],HeI",SMP045,49.4," "
594,410.2,"Hdelta,NIII",SMP045,24.8," "
595,434.0,Hgamma,SMP045,45.2," "
596,436.3,[OIII],SMP045,19.0," "
597,447.2,HeI,SMP045,5.4," "
598,468.6,HeII,SMP045,18.7," "
599,486.1,Hbeta,SMP045,100.0," "
600,495.9,[OIII],SMP045,303.6," "
601,500.7,[OIII],SMP045,,s
602,519.9,[NI],SMP045,2.8," "
603,587.6,HeI,SMP045,9.8," "
604,630.0,[OI],SMP045,10.0," "
605,654.8,[NII],SMP045,24.5," "
606,656.3,Halpha,SMP045,271.7," "
607,658.3,[NII],SMP045,71.3," "
608,667.8,HeI,SMP045,3.4," "
609,671.7,[SII],SMP045,13.9," "
610,673.1,[SII],SMP045,15.6," "
611,706.5,HeI,SMP045,4.9," "
612,713.6,[ArIII],SMP045,14.7," "
613,732.0,[OII],SMP045,8.1," "
614,733.0,[OII],SMP045,3.2," "
615,342.6,[NeV],SMP046,10.7," "
616,372.7,[OII],SMP046,175.5," "
617,386.9,[NeIII],SMP046,88.8," "
618,388.9,"H8,HeI",SMP046,18.7," "
619,396.9,"[NeIII],HeI",SMP046,42.4," "
620,406.9,[SII],SMP046,11.0," "
621,410.2,"Hdelta,NIII",SMP046,25.5," "
622,434.0,Hgamma,SMP046,47.1," "
623,436.3,[OIII],SMP046,17.6," "
624,468.6,HeII,SMP046,31.9," "
625,486.1,Hbeta,SMP046,100.0," "
626,495.9,[OIII],SMP046,317.9," "
627,500.7,[OIII],SMP046,,s
628,587.6,HeI,SMP046,9.3," "
629,630.0,[OI],SMP046,23.5," "
630,636.4,[OI],SMP046,5.4," "
631,654.8,[NII],SMP046,68.6," "
632,656.3,Halpha,SMP046,276.8," "
633,658.3,[NII],SMP046,199.6," "
634,671.7,[SII],SMP046,16.4," "
635,673.1,[SII],SMP046,27.1," "
636,706.5,HeI,SMP046,4.4," "
637,713.6,[ArIII],SMP046,12.2," "
638,732.0,[OII],SMP046,10.2," "
639,733.0,[OII],SMP046,6.1," "
640,775.1,[ArIII],SMP046,2.6," "
641,372.7,[OII],SMP048,46.9," "
642,386.9,[NeIII],SMP048,43.4," "
643,388.9,"H8,HeI",SMP048,21.9," "
644,396.9,"[NeIII],HeI",SMP048,26.7," "
645,410.2,"Hdelta,NIII",SMP048,26.9," "
646,434.0,Hgamma,SMP048,47.3," "
647,436.3,[OIII],SMP048,9.2," "
648,486.1,Hbeta,SMP048,100.0," "
649,495.9,[OIII],SMP048,217.6," "
650,500.7,[OIII],SMP048,635.9," "
651,587.6,HeI,SMP048,20.9," "
652,654.8,[NII],SMP048,10.5," "
653,656.3,Halpha,SMP048,282.1," "
654,658.3,[NII],SMP048,31.8," "
655,667.8,HeI,SMP048,5.4," "
656,706.5,HeI,SMP048,14.4," "
657,713.6,[ArIII],SMP048,11.6," "
658,732.0,[OII],SMP048,10.1," "
659,733.0,[OII],SMP048,12.1," "
660,342.6,[NeV],SMP054,41.3," "
661,372.7,[OII],SMP054,307.3," "
662,383.4,"HeII,H9",SMP054,5.2," "
663,386.9,[NeIII],SMP054,120.2," "
664,388.9,"H8,HeI",SMP054,19.0," "
665,396.9,"[NeIII],HeI",SMP054,62.4," "
666,406.9,[SII],SMP054,13.0," "
667,410.2,"Hdelta,NIII",SMP054,25.5," "
668,434.0,Hgamma,SMP054,48.3," "
669,436.3,[OIII],SMP054,24.7," "
670,468.6,HeII,SMP054,86.6," "
671,471.3,"[ArIV],HeI,[NeIV]",SMP054,8.7," "
672,486.1,Hbeta,SMP054,100.0," "
673,495.9,[OIII],SMP054,240.5," "
674,500.7,[OIII],SMP054,,s
675,519.9,[NI],SMP054,21.3," "
676,541.2,HeII,SMP054,6.0," "
677,587.6,HeI,SMP054,7.0," "
678,630.0,[OI],SMP054,33.3," "
679,631.2,[SIII],SMP054,12.3," "
680,636.4,[OI],SMP054,7.9," "
681,654.8,[NII],SMP054,250.9," "
682,656.3,Halpha,SMP054,275.2," "
683,658.3,[NII],SMP054,,s
684,671.7,[SII],SMP054,64.6," "
685,673.1,[SII],SMP054,61.7," "
686,706.5,HeI,SMP054,3.7," "
687,713.6,[ArIII],SMP054,24.1," "
688,732.0,[OII],SMP054,8.0," "
689,733.0,[OII],SMP054,4.1," "
690,775.1,[ArIII],SMP054,6.1," "
691,372.7,[OII],SMP055,98.4," "
692,377.1,"H11,HeII,OIII",SMP055,4.6," "
693,379.8,H1O,SMP055,5.7," "
694,383.4,"HeII,H9",SMP055,6.6," "
695,388.9,"H8,HeI",SMP055,13.4," "
696,396.9,"[NeIII],HeI",SMP055,18.3," "
697,402.6,HeI,SMP055,3.2," "
698,406.9,[SII],SMP055,3.1," "
699,410.2,"Hdelta,NIII",SMP055,24.8," "
700,434.0,Hgamma,SMP055,46.7," "
701,436.3,[OIII],SMP055,2.0," "
702,447.2,HeI,SMP055,2.9," "
703,468.6,HeII,SMP055,1.3," "
704,486.1,Hbeta,SMP055,100.0," "
705,495.9,[OIII],SMP055,51.6," "
706,500.7,[OIII],SMP055,148.6," "
707,587.6,HeI,SMP055,11.0," "
708,630.0,[OI],SMP055,2.5," "
709,636.4,[OI],SMP055,1.6," "
710,654.8,[NII],SMP055,23.4," "
711,656.3,Halpha,SMP055,278.4," "
712,658.3,[NII],SMP055,65.7," "
713,667.8,HeI,SMP055,4.8," "
714,671.7,[SII],SMP055,1.7," "
715,673.1,[SII],SMP055,3.8," "
716,706.5,HeI,SMP055,9.9," "
717,713.6,[ArIII],SMP055,8.7," "
718,732.0,[OII],SMP055,30.1," "
719,733.0,[OII],SMP055,21.3," "
720,775.1,[ArIII],SMP055,2.5," "
721,372.7,[OII],SMP060,30.9," "
722,386.9,[NeIII],SMP060,84.3," "
723,388.9,"H8,HeI",SMP060,18.2," "
724,396.9,"[NeIII],HeI",SMP060,43.7," "
725,410.2,"Hdelta,NIII",SMP060,26.4," "
726,434.0,Hgamma,SMP060,47.7," "
727,436.3,[OIII],SMP060,19.4," "
728,468.6,HeII,SMP060,98.8," "
729,486.1,Hbeta,SMP060,100.0," "
730,495.9,[OIII],SMP060,290.8," "
731,500.7,[OIII],SMP060,,s
732,541.2,HeII,SMP060,8.0," "
733,654.8,[NII],SMP060,5.1," "
734,656.3,Halpha,SMP060,278.8," "
735,658.3,[NII],SMP060,15.0," "
736,713.6,[ArIII],SMP060,6.1," "
737,372.7,[OII],SMP061,72.3," "
738,374.9,"HeII,HI2",SMP061,3.1," "
739,377.1,"H11,HeII,OIII",SMP061,4.1," "
740,379.8,H1O,SMP061,4.0," "
741,383.4,"HeII,H9",SMP061,8.6," "
742,386.9,[NeIII],SMP061,39.9," "
743,388.9,"H8,HeI",SMP061,19.7," "
744,396.9,"[NeIII],HeI",SMP061,31.5," "
745,402.6,HeI,SMP061,4.5," "
746,406.9,[SII],SMP061,4.8," "
747,410.2,"Hdelta,NIII",SMP061,23.7," "
748,434.0,Hgamma,SMP061,46.8," "
749,436.3,[OIII],SMP061,7.2," "
750,447.2,HeI,SMP061,7.5," "
751,471.3,"[ArIV],HeI,[NeIV]",SMP061,1.3," "
752,486.1,Hbeta,SMP061,100.0," "
753,495.9,[OIII],SMP061,221.4," "
754,500.7,[OIII],SMP061,,s
755,587.6,HeI,SMP061,18.4," "
756,630.0,[OI],SMP061,4.2," "
757,631.2,[SIII],SMP061,2.3," "
758,636.4,[OI],SMP061,2.1," "
759,654.8,[NII],SMP061,13.3," "
760,656.3,Halpha,SMP061,277.5," "
761,658.3,[NII],SMP061,43.0," "
762,667.8,HeI,SMP061,5.6," "
763,671.2,[SII],SMP061,2.7," "
764,673.1,[SII],SMP061,5.8," "
765,706.5,HeI,SMP061,13.4," "
766,713.6,[ArIII],SMP061,14.9," "
767,732.0,[OII],SMP061,15.4," "
768,733.0,[OII],SMP061,9.9," "
769,775.1,[ArIII],SMP061,3.8," "
770,334.6,[NeV],SMP062,14.0," "
771,342.6,[NeV],SMP062,81.3," "
772,344.4,OIII,SMP062,14.4," "
773,372.7,[OII],SMP062,47.5," "
774,377.1,"H11,HeII,OIII",SMP062,5.4," "
775,379.8,H1O,SMP062,6.8," "
776,383.4,"HeII,H9",SMP062,9.1," "
777,386.9,[NeIII],SMP062,91.1," "
778,388.9,"H8,HeI",SMP062,22.3," "
779,396.9,"[NeIII],HeI",SMP062,45.2," "
780,406.9,[SII],SMP062,8.7," "
781,410.2,"Hdelta,NIII",SMP062,26.6," "
782,434.0,Hgamma,SMP062,46.3," "
783,436.3,[OIII],SMP062,23.4," "
784,447.2,HeI,SMP062,4.8," "
785,468.6,HeII,SMP062,28.1," "
786,471.3,"[ArIV],HeI,[NeIV]",SMP062,5.5," "
787,474.0,[ArIV],SMP062,5.8," "
788,486.1,Hbeta,SMP062,100.0," "
789,495.9,[OIII],SMP062,380.0," "
790,500.7,[OIII],SMP062,,s
791,587.6,HeI,SMP062,14.9," "
792,630.0,[OI],SMP062,8.0," "
793,654.8,[NII],SMP062,17.4," "
794,656.3,Halpha,SMP062,276.3," "
795,658.3,[NII],SMP062,44.7," "
796,667.8,HeI,SMP062,2.7," "
797,671.2,[SII],SMP062,4.7," "
798,673.1,[SII],SMP062,7.5," "
799,372.7,[OII],SMP067,141.1," "
800,374.9,"HeII,HI2",SMP067,2.4," "
801,377.1,"H11,HeII,OIII",SMP067,4.4," "
802,379.8,H1O,SMP067,5.5," "
803,383.4,"HeII,H9",SMP067,8.3," "
804,386.9,[NeIII],SMP067,22.1," "
805,388.9,"H8,HeI",SMP067,19.7," "
806,396.9,"[NeIII],HeI",SMP067,26.8," "
807,410.2,"Hdelta,NIII",SMP067,26.5," "
808,434.0,Hgamma,SMP067,47.2," "
809,436.3,[OIII],SMP067,3.3," "
810,447.2,HeI,SMP067,6.4," "
811,486.1,Hbeta,SMP067,100.0," "
812,495.9,[OIII],SMP067,97.1," "
813,500.7,[OIII],SMP067,280.7," "
814,519.9,[NI],SMP067,2.1," "
815,587.6,HeI,SMP067,15.1," "
816,630.0,[OI],SMP067,1.8," "
817,631.2,[SIII],SMP067,1.8," "
818,636.4,[OI],SMP067,1.2," "
819,654.8,[NII],SMP067,79.3," "
820,656.3,Halpha,SMP067,283.3," "
821,658.3,[NII],SMP067,227.5," "
822,667.8,HeI,SMP067,4.7," "
823,671.2,[SII],SMP067,4.0," "
824,673.1,[SII],SMP067,6.7," "
825,700.6,[ArV],SMP067,1.0," "
826,706.5,HeI,SMP067,5.7," "
827,713.6,[ArIII],SMP067,8.6," "
828,732.0,[OII],SMP067,7.3," "
829,733.0,[OII],SMP067,3.2," "
830,775.1,[ArIII],SMP067,1.3," "
831,372.7,[OII],SMP072,45.4," "
832,386.9,[NeIII],SMP072,50.0," "
833,388.9,"H8,HeI",SMP072,12.3," "
834,396.9,"[NeIII],HeI",SMP072,26.2," "
835,410.2,"Hdelta,NIII",SMP072,24.7," "
836,434.0,Hgamma,SMP072,47.5," "
837,436.3,[OIII],SMP072,24.2," "
838,468.6,HeII,SMP072,75.9," "
839,471.3,"[ArIV],HeI,[NeIV]",SMP072,9.9," "
840,474.0,[ArIV],SMP072,7.3," "
841,486.1,Hbeta,SMP072,100.0," "
842,495.9,[OIII],SMP072,265.6," "
843,500.7,[OIII],SMP072,,s
844,654.8,[NII],SMP072,4.9," "
845,656.3,Halpha,SMP072,271.7," "
846,658.3,[NII],SMP072,16.4," "
847,334.6,[NeV],SMP073,33.7," "
848,342.6,[NeV],SMP073,30.5," "
849,344.4,OIII,SMP073,32.9," "
850,372.7,[OII],SMP073,79.9," "
851,374.9,"HeII,HI2",SMP073,6.6," "
852,377.1,"H11,HeII,OIII",SMP073,3.4," "
853,379.8,H1O,SMP073,4.1," "
854,383.4,"HeII,H9",SMP073,6.9," "
855,386.9,[NeIII],SMP073,116.3," "
856,388.9,"H8,HeI",SMP073,17.0," "
857,396.9,"[NeIII],HeI",SMP073,51.7," "
858,402.6,HeI,SMP073,3.3," "
859,406.9,[SII],SMP073,4.3," "
860,410.2,"Hdelta,NIII",SMP073,25.9," "
861,434.0,Hgamma,SMP073,46.4," "
862,436.3,[OIII],SMP073,17.8," "
863,447.2,HeI,SMP073,5.3," "
864,454.1,HeII,SMP073,1.2," "
865,468.6,HeII,SMP073,32.5," "
866,471.3,"[ArIV],HeI,[NeIV]",SMP073,4.7," "
867,474.0,[ArIV],SMP073,4.8," "
868,486.1,Hbeta,SMP073,100.0," "
869,495.9,[OIII],SMP073,440.3," "
870,500.7,[OIII],SMP073,1251.9," "
871,541.2,HeII,SMP073,2.7," "
872,587.6,HeI,SMP073,12.9," "
873,630.0,[OI],SMP073,9.0," "
874,631.2,[SIII],SMP073,2.4," "
875,636.4,[OI],SMP073,4.5," "
876,654.8,[NII],SMP073,18.1," "
877,656.3,Halpha,SMP073,279.6," "
878,658.3,[NII],SMP073,53.7," "
879,667.8,HeI,SMP073,3.5," "
880,671.2,[SII],SMP073,3.7," "
881,673.1,[SII],SMP073,6.2," "
882,700.6,[ArV],SMP073,0.7," "
883,706.5,HeI,SMP073,6.8," "
884,713.6,[ArIII],SMP073,11.9," "
885,732.0,[OII],SMP073,7.3," "
886,733.0,[OII],SMP073,6.4," "
887,775.1,[ArIII],SMP073,6.3," "
888,372.7,[OII],SMP074,82.2," "
889,377.1,"H11,HeII,OIII",SMP074,5.3," "
890,379.8,H1O,SMP074,6.2," "
891,383.4,"HeII,H9",SMP074,8.2," "
892,386.9,[NeIII],SMP074,90.9," "
893,388.9,"H8,HeI",SMP074,22.0," "
894,396.9,"[NeIII],HeI",SMP074,42.5," "
895,410.2,"Hdelta,NIII",SMP074,25.7," "
896,434.0,Hgamma,SMP074,46.6," "
897,436.3,[OIII],SMP074,13.7," "
898,447.2,HeI,SMP074,4.2," "
899,468.6,HeII,SMP074,27.3," "
900,471.3,"[ArIV],HeI,[NeIV]",SMP074,4.5," "
901,474.0,[ArIV],SMP074,2.5," "
902,486.1,Hbeta,SMP074,100.0," "
903,495.9,[OIII],SMP074,379.4," "
904,500.7,[OIII],SMP074,,s
905,541.2,HeII,SMP074,2.0," "
906,587.6,HeI,SMP074,14.9," "
907,630.0,[OI],SMP074,7.8," "
908,631.2,[SIII],SMP074,1.5," "
909,636.4,[OI],SMP074,3.2," "
910,654.8,[NII],SMP074,11.5," "
911,656.3,Halpha,SMP074,281.2," "
912,658.3,[NII],SMP074,35.1," "
913,667.8,HeI,SMP074,3.3," "
914,671.2,[SII],SMP074,2.9," "
915,673.1,[SII],SMP074,5.1," "
916,706.5,HeI,SMP074,5.1," "
917,713.6,[ArIII],SMP074,9.3," "
918,732.0,[OII],SMP074,3.8," "
919,733.0,[OII],SMP074,1.3," "
920,775.1,[ArIII],SMP074,1.8," "
921,372.7,[OII],SMP076,28.9," "
922,374.9,"HeII,HI2",SMP076,3.8," "
923,377.1,"H11,HeII,OIII",SMP076,4.5," "
924,379.8,H1O,SMP076,5.6," "
925,383.4,"HeII,H9",SMP076,8.1," "
926,386.9,[NeIII],SMP076,32.9," "
927,388.9,"H8,HeI",SMP076,16.1," "
928,396.9,"[NeIII],HeI",SMP076,27.6," "
929,402.6,HeI,SMP076,2.6," "
930,410.2,"Hdelta,NIII",SMP076,25.7," "
931,434.0,Hgamma,SMP076,47.2," "
932,436.3,[OIII],SMP076,6.6," "
933,447.2,HeI,SMP076,6.1," "
934,471.3,"[ArIV],HeI,[NeIV]",SMP076,2.3," "
935,486.1,Hbeta,SMP076,100.0," "
936,495.9,[OIII],SMP076,198.1," "
937,500.7,[OIII],SMP076,565.5," "
938,587.6,HeI,SMP076,9.6," "
939,654.8,[NII],SMP076,4.2," "
940,656.3,Halpha,SMP076,281.9," "
941,658.3,[NII],SMP076,12.6," "
942,667.8,HeI,SMP076,2.7," "
943,706.5,HeI,SMP076,7.2," "
944,713.6,[ArIII],SMP076,5.3," "
945,732.0,[OII],SMP076,4.8," "
946,733.0,[OII],SMP076,3.9," "
947,775.1,[ArIII],SMP076,1.0," "
948,334.6,[NeV],SMP078,46.7," "
949,342.6,[NeV],SMP078,65.7," "
950,344.4,OIII,SMP078,24.6," "
951,372.7,[OII],SMP078,65.4," "
952,374.9,"HeII,HI2",SMP078,3.6," "
953,375.9,OIII,SMP078,3.8," "
954,377.1,"H11,HeII,OIII",SMP078,3.7," "
955,379.8,H1O,SMP078,5.6," "
956,383.4,"HeII,H9",SMP078,7.4," "
957,386.9,[NeIII],SMP078,97.8," "
958,388.9,"H8,HeI",SMP078,17.2," "
959,396.9,"[NeIII],HeI",SMP078,47.4," "
960,402.6,HeI,SMP078,2.2," "
961,406.9,[SII],SMP078,5.3," "
962,407.6,[SII],SMP078,2.4," "
963,410.2,"Hdelta,NIII",SMP078,26.9," "
964,434.0,Hgamma,SMP078,46.2," "
965,436.3,[OIII],SMP078,21.8," "
966,447.2,HeI,SMP078,4.7," "
967,454.1,HeII,SMP078,1.3," "
968,468.6,HeII,SMP078,30.7," "
969,471.3,"[ArIV],HeI,[NeIV]",SMP078,3.7," "
970,474.0,[ArIV],SMP078,4.6," "
971,486.1,Hbeta,SMP078,100.0," "
972,495.9,[OIII],SMP078,451.4," "
973,500.7,[OIII],SMP078,,s
974,541.2,HeII,SMP078,3.5," "
975,587.6,HeI,SMP078,11.2," "
976,630.0,[OI],SMP078,6.8," "
977,631.2,[SIII],SMP078,2.3," "
978,636.4,[OI],SMP078,3.0," "
979,654.8,[NII],SMP078,15.2," "
980,656.3,Halpha,SMP078,279.0," "
981,658.3,[NII],SMP078,43.2," "
982,667.8,HeI,SMP078,3.3," "
983,671.2,[SII],SMP078,2.9," "
984,673.1,[SII],SMP078,4.9," "
985,700.6,[ArV],SMP078,1.2," "
986,706.5,HeI,SMP078,7.0," "
987,713.6,[ArIII],SMP078,11.8," "
988,732.0,[OII],SMP078,7.5," "
989,733.0,[OII],SMP078,6.2," "
990,775.1,[ArIII],SMP078,2.8," "
991,372.7,[OII],SMP085,42.1," "
992,374.9,"HeII,HI2",SMP085,2.6," "
993,377.1,"H11,HeII,OIII",SMP085,2.4," "
994,379.8,H1O,SMP085,2.8," "
995,383.4,"HeII,H9",SMP085,7.5," "
996,386.9,[NeIII],SMP085,13.1," "
997,388.9,"H8,HeI",SMP085,11.7," "
998,396.9,"[NeIII],HeI",SMP085,20.3," "
999,402.6,HeI,SMP085,3.8," "
1000,406.9,[SII],SMP085,1.9," "
1001,410.2,"Hdelta,NIII",SMP085,25.9," "
1002,434.0,Hgamma,SMP085,46.7," "
1003,436.3,[OIII],SMP085,3.8," "
1004,447.2,HeI,SMP085,5.9," "
1005,471.3,"[ArIV],HeI,[NeIV]",SMP085,1.2," "
1006,486.1,Hbeta,SMP085,100.0," "
1007,495.9,[OIII],SMP085,113.1," "
1008,500.7,[OIII],SMP085,325.1," "
1009,587.6,HeI,SMP085,12.1," "
1010,654.8,[NII],SMP085,13.8," "
1011,656.3,Halpha,SMP085,281.8," "
1012,658.3,[NII],SMP085,43.0," "
1013,667.8,HeI,SMP085,5.2," "
1014,706.5,HeI,SMP085,12.3," "
1015,713.6,[ArIII],SMP085,9.4," "
1016,732.0,[OII],SMP085,20.4," "
1017,733.0,[OII],SMP085,10.9," "
1018,775.1,[ArIII],SMP085,2.5," "
1019,342.6,[NeV],SMP087,151.0," "
1020,372.7,[OII],SMP087,306.9," "
1021,386.9,[NeIII],SMP087,178.2," "
1022,388.9,"H8,HeI",SMP087,37.9," "
1023,396.9,"[NeIII],HeI",SMP087,82.7," "
1024,406.9,[SII],SMP087,23.0," "
1025,410.2,"Hdelta,NIII",SMP087,26.5," "
1026,434.0,Hgamma,SMP087,48.1," "
1027,436.3,[OIII],SMP087,45.8," "
1028,447.2,HeI,SMP087,9.2," "
1029,468.6,HeII,SMP087,84.5," "
1030,471.3,"[ArIV],HeI,[NeIV]",SMP087,16.2," "
1031,474.0,[ArIV],SMP087,10.0," "
1032,486.1,Hbeta,SMP087,100.0," "
1033,495.9,[OIII],SMP087,322.0," "
1034,500.7,[OIII],SMP087,913.6," "
1035,519.9,[NI],SMP087,43.5," "
1036,541.2,HeII,SMP087,7.7," "
1037,587.6,HeI,SMP087,13.0," "
1038,630.0,[OI],SMP087,24.6," "
1039,631.2,[SIII],SMP087,4.6," "
1040,636.4,[OI],SMP087,7.9," "
1041,654.8,[NII],SMP087,307.3," "
1042,656.3,Halpha,SMP087,269.3," "
1043,658.3,[NII],SMP087,,s
1044,667.8,HeI,SMP087,6.5," "
1045,671.2,[SII],SMP087,22.5," "
1046,673.1,[SII],SMP087,28.9," "
1047,700.6,[ArV],SMP087,3.1," "
1048,706.5,HeI,SMP087,4.2," "
1049,713.6,[ArIII],SMP087,14.1," "
1050,732.0,[OII],SMP087,5.0," "
1051,733.0,[OII],SMP087,3.2," "
1052,775.1,[ArIII],SMP087,3.6," "
1053,334.6,[NeV],SMP092,22.1," "
1054,342.6,[NeV],SMP092,33.8," "
1055,344.4,OIII,SMP092,17.0," "
1056,372.7,[OII],SMP092,113.9," "
1057,375.9,OIII,SMP092,10.0," "
1058,377.1,"H11,HeII,OIII",SMP092,4.0," "
1059,379.8,H1O,SMP092,6.5," "
1060,383.4,"HeII,H9",SMP092,10.6," "
1061,386.9,[NeIII],SMP092,109.3," "
1062,388.9,"H8,HeI",SMP092,20.7," "
1063,396.9,"[NeIII],HeI",SMP092,51.3," "
1064,402.6,HeI,SMP092,2.5," "
1065,406.9,[SII],SMP092,4.7," "
1066,407.6,[SII],SMP092,2.6," "
1067,410.2,"Hdelta,NIII",SMP092,27.0," "
1068,434.0,Hgamma,SMP092,47.0," "
1069,436.3,[OIII],SMP092,21.1," "
1070,447.2,HeI,SMP092,3.6," "
1071,454.1,HeII,SMP092,1.5," "
1072,468.6,HeII,SMP092,39.5," "
1073,471.3,"[ArIV],HeI,[NeIV]",SMP092,5.6," "
1074,474.0,[ArIV],SMP092,6.1," "
1075,486.1,Hbeta,SMP092,100.0," "
1076,495.9,[OIII],SMP092,482.5," "
1077,500.7,[OIII],SMP092,,s
1078,519.9,[NI],SMP092,1.0," "
1079,541.2,HeII,SMP092,3.3," "
1080,587.6,HeI,SMP092,13.3," "
1081,630.0,[OI],SMP092,9.4," "
1082,631.2,[SIII],SMP092,3.4," "
1083,636.4,[OI],SMP092,2.2," "
1084,654.8,[NII],SMP092,18.9," "
1085,656.3,Halpha,SMP092,282.2," "
1086,658.3,[NII],SMP092,54.0," "
1087,667.8,HeI,SMP092,3.2," "
1088,671.2,[SII],SMP092,3.9," "
1089,673.1,[SII],SMP092,7.8," "
1090,700.6,[ArV],SMP092,1.2," "
1091,706.5,HeI,SMP092,5.9," "
1092,713.6,[ArIII],SMP092,14.3," "
1093,732.0,[OII],SMP092,8.9," "
1094,733.0,[OII],SMP092,8.0," "
1095,775.1,[ArIII],SMP092,3.0," "
1096,334.6,[NeV],SMP099,5.9," "
1097,342.6,[NeV],SMP099,7.6," "
1098,344.4,OIII,SMP099,8.5," "
1099,372.7,[OII],SMP099,93.9," "
1100,374.9,"HeII,HI2",SMP099,3.1," "
1101,375.9,OIII,SMP099,4.6," "
1102,377.1,"H11,HeII,OIII",SMP099,5.4," "
1103,379.8,H1O,SMP099,6.3," "
1104,383.4,"HeII,H9",SMP099,7.8," "
1105,386.9,[NeIII],SMP099,76.3," "
1106,388.9,"H8,HeI",SMP099,23.2," "
1107,396.9,"[NeIII],HeI",SMP099,41.6," "
1108,402.6,HeI,SMP099,2.2," "
1109,406.9,[SII],SMP099,3.6," "
1110,410.2,"Hdelta,NIII",SMP099,25.9," "
1111,434.0,Hgamma,SMP099,46.0," "
1112,436.3,[OIII],SMP099,15.8," "
1113,447.2,HeI,SMP099,4.3," "
1114,454.1,HeII,SMP099,2.2," "
1115,468.6,HeII,SMP099,24.3," "
1116,474.0,[ArIV],SMP099,5.5," "
1117,486.1,Hbeta,SMP099,100.0," "
1118,495.9,[OIII],SMP099,423.2," "
1119,500.7,[OIII],SMP099,,s
1120,587.6,HeI,SMP099,13.5," "
1121,654.8,[NII],SMP099,37.6," "
1122,656.3,Halpha,SMP099,279.4," "
1123,658.3,[NII],SMP099,105.8," "
1124,667.8,HeI,SMP099,4.2," "
1125,671.2,[SII],SMP099,5.3," "
1126,673.1,[SII],SMP099,7.6," "
1127,706.5,HeI,SMP099,6.1," "
1128,713.6,[ArIII],SMP099,11.3," "
1129,732.0,[OII],SMP099,5.2," "
1130,733.0,[OII],SMP099,4.5," "
1131,775.1,[ArIII],SMP099,2.4," "
1132,344.4,OIII,SMP101,47.1," "
1133,372.7,[OII],SMP101,44.8," "
1134,379.8,H1O,SMP101,5.2," "
1135,383.4,"HeII,H9",SMP101,7.7," "
1136,386.9,[NeIII],SMP101,115.7," "
1137,388.9,"H8,HeI",SMP101,14.9," "
1138,396.9,"[NeIII],HeI",SMP101,54.9," "
1139,402.6,HeI,SMP101,5.9," "
1140,410.2,"Hdelta,NIII",SMP101,24.1," "
1141,434.0,Hgamma,SMP101,46.6," "
1142,436.3,[OIII],SMP101,19.8," "
1143,468.6,HeII,SMP101,72.5," "
1144,471.3,"[ArIV],HeI,[NeIV]",SMP101,3.1," "
1145,486.1,Hbeta,SMP101,100.0," "
1146,495.9,[OIII],SMP101,344.6," "
1147,500.7,[OIII],SMP101,,s
1148,541.2,HeII,SMP101,5.8," "
1149,587.6,HeI,SMP101,6.2," "
1150,630.0,[OI],SMP101,6.0," "
1151,636.4,[OI],SMP101,7.5," "
1152,654.8,[NII],SMP101,3.9," "
1153,656.3,Halpha,SMP101,273.1," "
1154,658.3,[NII],SMP101,12.1," "
1155,671.7,[SII],SMP101,1.9," "
1156,673.1,[SII],SMP101,3.2," "
1157,706.5,HeI,SMP101,2.5," "
1158,713.6,[ArIII],SMP101,8.0," "
1159,775.1,[ArIII],SMP101,1.8," "
1160,334.6,[NeV],SMP02,10.5," "
1161,342.6,[NeV],SMP02,11.2," "
1162,344.4,OIII,SMP02,9.5," "
1163,372.7,[OII],SMP02,31.1," "
1164,374.9,"HeII,HI2",SMP02,4.5," "
1165,375.9,OIII,SMP02,3.1," "
1166,377.1,"H11,HeII,OIII",SMP02,5.4," "
1167,379.8,H1O,SMP02,7.6," "
1168,383.4,"HeII,H9",SMP02,8.8," "
1169,386.9,[NeIII],SMP02,66.9," "
1170,388.9,"H8,HeI",SMP02,20.4," "
1171,396.9,"[NeIII],HeI",SMP02,43.6," "
1172,402.6,HeI,SMP02,4.8," "
1173,410.2,"Hdelta,NIII",SMP02,27.5," "
1174,434.0,Hgamma,SMP02,46.8," "
1175,436.3,[OIII],SMP02,17.4," "
1176,447.2,HeI,SMP02,6.3," "
1177,454.1,HeII,SMP02,3.2," "
1178,468.6,HeII,SMP02,36.6," "
1179,471.3,"[ArIV],HeI,[NeIV]",SMP02,4.0," "
1180,474.0,[ArIV],SMP02,3.7," "
1181,486.1,Hbeta,SMP02,100.0," "
1182,495.9,[OIII],SMP02,265.5," "
1183,500.7,[OIII],SMP02,762.6," "
1184,541.2,HeII,SMP02,2.8," "
1185,587.6,HeI,SMP02,13.2," "
1186,630.0,[OI],SMP02,1.9," "
1187,631.2,[SIII],SMP02,1.5," "
1188,654.8,[NII],SMP02,4.8," "
1189,656.3,Halpha,SMP02,278.8," "
1190,658.3,[NII],SMP02,14.1," "
1191,667.8,HeI,SMP02,3.8," "
1192,671.7,[SII],SMP02,1.7," "
1193,673.1,[SII],SMP02,2.6," "
1194,700.6,[ArV],SMP02,0.8," "
1195,706.5,HeI,SMP02,6.2," "
1196,713.6,[ArIII],SMP02,6.3," "
1197,732.0,[OII],SMP02,2.8," "
1198,733.0,[OII],SMP02,2.4," "
1199,775.1,[ArIII],SMP02,2.1," "
1200,372.7,[OII],SMP03,17.1," "
1201,374.9,"HeII,HI2",SMP03,3.2," "
1202,377.1,"H11,HeII,OIII",SMP03,4.2," "
1203,379.8,H1O,SMP03,4.6," "
1204,383.4,"HeII,H9",SMP03,6.8," "
1205,386.9,[NeIII],SMP03,44.1," "
1206,388.9,"H8,HeI",SMP03,22.4," "
1207,396.9,"[NeIII],HeI",SMP03,30.6," "
1208,402.6,HeI,SMP03,5.7," "
1209,406.9,[SII],SMP03,2.7," "
1210,410.2,"Hdelta,NIII",SMP03,26.0," "
1211,434.0,Hgamma,SMP03,46.7," "
1212,436.3,[OIII],SMP03,13.0," "
1213,447.2,HeI,SMP03,5.4," "
1214,468.6,HeII,SMP03,12.3," "
1215,471.3,"[ArIV],HeI,[NeIV]",SMP03,2.9," "
1216,474.0,[ArIV],SMP03,1.2," "
1217,486.1,Hbeta,SMP03,100.0," "
1218,495.9,[OIII],SMP03,286.6," "
1219,500.7,[OIII],SMP03,852.2," "
1220,541.2,HeII,SMP03,2.8," "
1221,587.6,HeI,SMP03,21.2," "
1222,630.0,[OI],SMP03,3.6," "
1223,636.4,[OI],SMP03,1.8," "
1224,656.3,Halpha,SMP03,278.6," "
1225,667.8,HeI,SMP03,7.1," "
1226,706.5,HeI,SMP03,7.5," "
1227,713.6,[ArIII],SMP03,2.9," "
1228,334.6,[NeV],SMP05,9.1," "
1229,342.6,[NeV],SMP05,17.0," "
1230,344.4,OIII,SMP05,4.1," "
1231,372.7,[OII],SMP05,75.2," "
1232,379.8,H1O,SMP05,6.1," "
1233,383.4,"HeII,H9",SMP05,7.2," "
1234,386.9,[NeIII],SMP05,73.2," "
1235,388.9,"H8,HeI",SMP05,17.4," "
1236,396.9,"[NeIII],HeI",SMP05,40.5," "
1237,410.2,"Hdelta,NIII",SMP05,26.5," "
1238,434.0,Hgamma,SMP05,47.3," "
1239,436.3,[OIII],SMP05,16.1," "
1240,447.2,HeI,SMP05,5.7," "
1241,468.6,HeII,SMP05,40.8," "
1242,471.3,"[ArIV],HeI,[NeIV]",SMP05,5.6," "
1243,474.0,[ArIV],SMP05,3.0," "
1244,486.1,Hbeta,SMP05,100.0," "
1245,495.9,[OIII],SMP05,310.4," "
1246,500.7,[OIII],SMP05,,s
1247,541.2,HeII,SMP05,5.5," "
1248,587.6,HeI,SMP05,11.5," "
1249,630.0,[OI],SMP05,6.8," "
1250,631.2,[SIII],SMP05,5.0," "
1251,636.4,[OI],SMP05,4.6," "
1252,654.8,[NII],SMP05,14.5," "
1253,656.3,Halpha,SMP05,279.6," "
1254,658.3,[NII],SMP05,39.9," "
1255,667.8,HeI,SMP05,4.2," "
1256,671.7,[SII],SMP05,4.5," "
1257,673.1,[SII],SMP05,7.1," "
1258,706.5,HeI,SMP05,6.2," "
1259,713.6,[ArIII],SMP05,9.4," "
1260,732.0,[OII],SMP05,10.1," "
1261,733.0,[OII],SMP05,4.3," "
1262,775.1,[ArIII],SMP05,3.8," "
1263,372.7,[OII],SMP06,17.4," "
1264,374.9,"HeII,HI2",SMP06,2.9," "
1265,377.1,"H11,HeII,OIII",SMP06,2.2," "
1266,379.8,H1O,SMP06,4.5," "
1267,383.4,"HeII,H9",SMP06,10.1," "
1268,386.9,[NeIII],SMP06,61.8," "
1269,388.9,"H8,HeI",SMP06,19.3," "
1270,396.9,"[NeIII],HeI",SMP06,36.2," "
1271,410.2,"Hdelta,NIII",SMP06,25.8," "
1272,434.0,Hgamma,SMP06,47.7," "
1273,436.3,[OIII],SMP06,16.6," "
1274,447.2,HeI,SMP06,6.6," "
1275,471.3,"[ArIV],HeI,[NeIV]",SMP06,2.6," "
1276,474.0,[ArIV],SMP06,1.3," "
1277,486.1,Hbeta,SMP06,100.0," "
1278,495.9,[OIII],SMP06,290.7," "
1279,500.7,[OIII],SMP06,,s
1280,519.9,[NI],SMP06,0.7," "
1281,587.6,HeI,SMP06,15.9," "
1282,630.0,[OI],SMP06,3.0," "
1283,631.2,[SIII],SMP06,3.9," "
1284,636.4,[OI],SMP06,2.8," "
1285,654.8,[NII],SMP06,13.6," "
1286,656.3,Halpha,SMP06,280.2," "
1287,658.3,[NII],SMP06,38.2," "
1288,667.8,HeI,SMP06,5.0," "
1289,671.7,[SII],SMP06,0.8," "
1290,673.1,[SII],SMP06,1.8," "
1291,706.5,HeI,SMP06,14.4," "
1292,713.6,[ArIII],SMP06,10.5," "
1293,732.0,[OII],SMP06,6.3," "
1294,733.0,[OII],SMP06,5.4," "
1295,775.1,[ArIII],SMP06,2.2," "
1296,372.7,[OII],SMP11,149.6," "
1297,386.9,[NeIII],SMP11,12.4," "
1298,388.9,"H8,HeI",SMP11,8.3," "
1299,396.9,"[NeIII],HeI",SMP11,13.2," "
1300,410.2,"Hdelta,NIII",SMP11,25.0," "
1301,434.0,Hgamma,SMP11,47.4," "
1302,436.3,[OIII],SMP11,8.7," "
1303,447.2,HeI,SMP11,2.6," "
1304,486.1,Hbeta,SMP11,100.0," "
1305,495.9,[OIII],SMP11,112.4," "
1306,500.7,[OIII],SMP11,326.0," "
1307,587.6,HeI,SMP11,13.3," "
1308,630.0,[OI],SMP11,5.1," "
1309,656.3,Halpha,SMP11,275.0," "
1310,658.3,[NII],SMP11,16.6," "
1311,667.8,HeI,SMP11,3.7," "
1312,671.7,[SII],SMP11,3.8," "
1313,673.1,[SII],SMP11,4.5," "
1314,706.5,HeI,SMP11,12.4," "
1315,713.6,[ArIII],SMP11,14.9," "
1316,732.0,[OII],SMP11,19.9," "
1317,733.0,[OII],SMP11,11.8," "
1318,775.1,[ArIII],SMP11,3.1," "
1319,342.6,[NeV],SMP14,8.6," "
1320,344.4,OIII,SMP14,15.1," "
1321,372.7,[OII],SMP14,34.6," "
1322,377.1,"H11,HeII,OIII",SMP14,4.2," "
1323,379.8,H1O,SMP14,7.0," "
1324,383.4,"HeII,H9",SMP14,8.8," "
1325,386.9,[NeIII],SMP14,72.0," "
1326,388.9,"H8,HeI",SMP14,20.0," "
1327,396.9,"[NeIII],HeI",SMP14,35.2," "
1328,402.6,HeI,SMP14,4.7," "
1329,410.2,"Hdelta,NIII",SMP14,26.2," "
1330,434.0,Hgamma,SMP14,47.3," "
1331,436.3,[OIII],SMP14,14.9," "
1332,447.2,HeI,SMP14,5.1," "
1333,468.6,HeII,SMP14,41.7," "
1334,471.3,"[ArIV],HeI,[NeIV]",SMP14,4.2," "
1335,472.5,[NeIV],SMP14,1.7," "
1336,474.0,[ArIV],SMP14,4.3," "
1337,486.1,Hbeta,SMP14,100.0," "
1338,495.9,[OIII],SMP14,268.7," "
1339,500.7,[OIII],SMP14,,s
1340,541.2,HeII,SMP14,3.5," "
1341,587.6,HeI,SMP14,9.7," "
1342,630.0,[OI],SMP14,5.2," "
1343,656.3,Halpha,SMP14,279.2," "
1344,658.3,[NII],SMP14,13.3," "
1345,667.8,HeI,SMP14,3.3," "
1346,671.7,[SII],SMP14,1.8," "
1347,673.1,[SII],SMP14,2.7," "
1348,700.6,[ArV],SMP14,2.6," "
1349,706.5,HeI,SMP14,4.4," "
1350,713.6,[ArIII],SMP14,4.8," "
1351,342.6,[NeV],SMP28,65.2," "
1352,372.7,[OII],SMP28,24.4," "
1353,386.9,[NeIII],SMP28,70.1," "
1354,388.9,"H8,HeI",SMP28,28.0," "
1355,396.9,"[NeIII],HeI",SMP28,29.4," "
1356,410.2,"Hdelta,NIII",SMP28,27.0," "
1357,434.0,Hgamma,SMP28,47.4," "
1358,436.3,[OIII],SMP28,13.5," "
1359,447.2,HeI,SMP28,7.6," "
1360,468.6,HeII,SMP28,53.3," "
1361,471.3,"[ArIV],HeI,[NeIV]",SMP28,9.7," "
1362,474.0,[ArIV],SMP28,5.3," "
1363,486.1,Hbeta,SMP28,100.0," "
1364,495.9,[OIII],SMP28,91.9," "
1365,500.7,[OIII],SMP28,267.0," "
1366,519.9,[NI],SMP28,2.1," "
1367,541.2,HeII,SMP28,7.6," "
1368,587.6,HeI,SMP28,21.0," "
1369,630.0,[OI],SMP28,4.5," "
1370,631.2,[SIII],SMP28,4.5," "
1371,654.8,[NII],SMP28,52.1," "
1372,656.3,Halpha,SMP28,271.9," "
1373,658.3,[NII],SMP28,152.8," "
1374,667.8,HeI,SMP28,5.7," "
1375,671.7,[SII],SMP28,5.6," "
1376,673.1,[SII],SMP28,8.5," "
1377,700.6,[ArV],SMP28,5.8," "
1378,706.5,HeI,SMP28,13.9," "
1379,713.6,[ArIII],SMP28,10.3," "
