recno,Lambda,ID,PN,I(Lambda),n_I(Lambda),u_I(Lambda)
1,372.7,[OII],SMP001,19.2," "," "
2,374.9,"HeII,H12",SMP001,2.5," "," "
3,377.1,"H11,HeII,OIII",SMP001,4.1," "," "
4,379.8,H10,SMP001,5.3," "," "
5,382.0,HeI,SMP001,2.1," "," "
6,383.4,"HeII,H9",SMP001,7.5," "," "
7,386.9,[NeIII],SMP001,41.9," "," "
8,388.9,"H8,HeI",SMP001,13.3," "," "
9,396.9,"[NeIII],Hepsi",SMP001,27.9," "," "
10,402.6,HeI,SMP001,2.4," "," "
11,406.9,[SII],SMP001,1.3," "," "
12,407.6,[SII],SMP001,0.9," "," "
13,410.2,"Hdelta,NIII",SMP001,24.4," "," "
14,426.7,CII,SMP001,0.7," "," "
15,434.0,Hgamma,SMP001,45.8," "," "
16,436.3,[OIII],SMP001,8.6," "," "
17,447.2,HeI,SMP001,6.5," "," "
18,471.3,"[AriV],HeI,[NeIV]",SMP001,1.3," "," "
19,474.0,[ArIV],SMP001,0.5," "," "
20,486.1,Hbeta,SMP001,100.0," "," "
21,495.9,[OIII],SMP001,288.3," "," "
22,500.7,[OIII],SMP001,802.4," "," "
23,587.6,HeI,SMP001,22.7," "," "
24,630.0,[OI],SMP001,3.7," "," "
25,631.2,[SIII],SMP001,1.5," "," "
26,636.4,[OI],SMP001,1.6," "," "
27,656.3,Halpha,SMP001,277.1," "," "
28,658.3,[NII],SMP001,13.7," "," "
29,667.8,HeI,SMP001,5.0," "," "
30,671.7,[SII],SMP001,1.0," "," "
31,673.1,[SII],SMP001,1.7," "," "
32,706.5,HeI,SMP001,16.7," "," "
33,713.6,[ArIII],SMP001,12.5," "," "
34,728.1,HeI,SMP001,1.4," "," "
35,732.0,[OII],SMP001,13.6," "," "
36,733.0,[OII],SMP001,9.2," "," "
37,372.7,[OII],SMP005,225.7," "," "
38,374.9,"HeII,H12",SMP005,4.1," "," "
39,377.1,"H11,HeII,OIII",SMP005,4.3," "," "
40,379.8,H10,SMP005,5.9," "," "
41,383.4,"HeII,H9",SMP005,9.5," "," "
42,386.9,[NeIII],SMP005,5.7," "," "
43,388.9,"H8,HeI",SMP005,28.3," "," "
44,396.9,"[NeIII],Hepsi",SMP005,26.7," "," "
45,410.2,"Hdelta,NIII",SMP005,27.5," "," "
46,434.0,Hgamma,SMP005,45.8," "," "
47,436.3,[OIII],SMP005,3.8," "," "
48,447.2,HeI,SMP005,4.0," "," "
49,486.1,Hbeta,SMP005,100.0," "," "
50,495.9,[OIII],SMP005,95.4," "," "
51,500.7,[OIII],SMP005,270.3," "," "
52,587.6,HeI,SMP005,9.8," "," "
53,654.8,[NII],SMP005,4.1," "," "
54,656.3,Halpha,SMP005,,s," "
55,658.3,[NII],SMP005,13.1," "," "
56,667.8,HeI,SMP005,2.0," "," "
57,706.5,HeI,SMP005,2.0," "," "
58,713.6,[ArIII],SMP005,2.9," "," "
59,728.1,HeI,SMP005,0.6," "," "
60,732.0,[OII],SMP005,3.5," "," "
61,733.0,[OII],SMP005,3.7," "," "
62,334.0,OIII,SMP006,,n," "
63,334.6,[Nev],SMP006,,n," "
64,342.6,[Nev],SMP006,60.3," "," "
65,344.4,OIII,SMP006,30.3," "," "
66,372.7,[OII],SMP006,107.6," "," "
67,375.9,OIII,SMP006,6.1," "," "
68,377.1,"H11,HeII,OIII",SMP006,4.8," "," "
69,379.8,H10,SMP006,5.2," "," "
70,383.4,"HeII,H9",SMP006,9.4," "," "
71,386.9,[NeIII],SMP006,100.1," "," "
72,388.9,"H8,HeI",SMP006,20.9," "," "
73,396.9,"[NeIII],Hepsi",SMP006,48.9," "," "
74,406.9,[SII],SMP006,6.2," "," "
75,410.2,"Hdelta,NIII",SMP006,26.8," "," "
76,434.0,Hgamma,SMP006,47.9," "," "
77,436.3,[OIII],SMP006,15.8," "," "
78,447.2,HeI,SMP006,3.6," "," "
79,468.6,HeII,SMP006,36.8," "," "
80,471.3,"[AriV],HeI,[NeIV]",SMP006,4.8," "," "
81,472.5,[NeIV],SMP006,3.0," "," "
82,474.0,[ArIV],SMP006,4.5," "," "
83,486.1,Hbeta,SMP006,100.0," "," "
84,495.9,[OIII],SMP006,359.9," "," "
85,500.7,[OIII],SMP006,1032.8," "," "
86,541.2,HeII,SMP006,3.6," "," "
87,575.5,[NII],SMP006,0.7," "," "
88,587.6,HeI,SMP006,9.5," "," "
89,630.0,[OI],SMP006,8.2," "," "
90,631.2,[SIII],SMP006,1.9," "," "
91,636.4,[OI],SMP006,2.3," "," "
92,643.5,[ArV],SMP006,0.6," "," "
93,654.8,[NII],SMP006,10.0," "," "
94,656.3,Halpha,SMP006,285.0," "," "
95,658.3,[NII],SMP006,30.5," "," "
96,667.8,HeI,SMP006,2.8," "," "
97,671.7,[SII],SMP006,2.9," "," "
98,673.1,[SII],SMP006,4.5," "," "
99,700.6,[ArV],SMP006,1.7," "," "
100,706.5,HeI,SMP006,4.0," "," "
101,713.6,[ArIII],SMP006,6.3," "," "
102,723.7,[ArIV],SMP006,,n," "
103,728.1,HeI,SMP006,,n," "
104,732.0,[OII],SMP006,,n," "
105,733.0,[OII],SMP006,,n," "
106,372.7,[OII],SMP008,10.1," "," "
107,377.1,"H11,HeII,OIII",SMP008,2.0," "," "
108,379.8,H10,SMP008,4.9," "," "
109,382.0,HeI,SMP008,1.3," "," "
110,383.4,"HeII,H9",SMP008,5.2," "," "
111,386.9,[NeIII],SMP008,32.2," "," "
112,388.9,"H8,HeI",SMP008,12.4," "," "
113,396.9,"[NeIII],Hepsi",SMP008,23.7," "," "
114,402.6,HeI,SMP008,1.6," "," "
115,410.2,"Hdelta,NIII",SMP008,26.0," "," "
116,434.0,Hgamma,SMP008,49.1," "," "
117,436.3,[OIII],SMP008,4.8," "," "
118,447.2,HeI,SMP008,4.8," "," "
119,486.1,Hbeta,SMP008,100.0," "," "
120,495.9,[OIII],SMP008,182.4," "," "
121,500.7,[OIII],SMP008,553.0," "," "
122,587.6,HeI,SMP008,23.0," "," "
123,631.2,[SIII],SMP008,2.4," "," "
124,654.8,[NII],SMP008,6.9," "," "
125,656.3,Halpha,SMP008,289.4," "," "
126,658.3,[NII],SMP008,20.1," "," "
127,667.8,HeI,SMP008,7.0," "," "
128,706.5,HeI,SMP008,15.5," "," "
129,713.6,[ArIII],SMP008,13.8," "," "
130,728.1,HeI,SMP008,2.4," "," "
131,732.0,[OII],SMP008,13.4," "," "
132,733.0,[OII],SMP008,9.0," "," "
133,334.0,OIII,SMP015,2.3," "," "
134,342.6,[Nev],SMP015,1.7," "," "
135,344.4,OIII,SMP015,5.6," "," "
136,372.7,[OII],SMP015,84.3," "," "
137,374.9,"HeII,H12",SMP015,3.6," "," "
138,375.9,OIII,SMP015,1.9," "," "
139,377.1,"H11,HeII,OIII",SMP015,3.7," "," "
140,379.8,H10,SMP015,5.9," "," "
141,382.0,HeI,SMP015,1.5," "," "
142,383.4,"HeII,H9",SMP015,7.2," "," "
143,386.9,[NeIII],SMP015,100.9," "," "
144,388.9,"H8,HeI",SMP015,19.5," "," "
145,396.9,"[NeIII],Hepsi",SMP015,46.0," "," "
146,402.6,HeI,SMP015,2.9," "," "
147,406.9,[SII],SMP015,3.1," "," "
148,407.6,[SII],SMP015,1.2," "," "
149,410.2,"Hdelta,NIII",SMP015,27.8," "," "
150,434.0,Hgamma,SMP015,45.9," "," "
151,436.3,[OIII],SMP015,16.0," "," "
152,447.2,HeI,SMP015,3.6," "," "
153,454.1,HeII,SMP015,0.6," "," "
154,468.6,HeII,SMP015,31.3," "," "
155,471.3,"[AriV],HeI,[NeIV]",SMP015,2.4," "," "
156,474.0,[ArIV],SMP015,2.2," "," "
157,486.1,Hbeta,SMP015,100.0," "," "
158,492.2,HeI,SMP015,2.1," "," "
159,495.9,[OIII],SMP015,343.7," "," "
160,500.7,[OIII],SMP015,,s," "
161,541.2,HeII,SMP015,2.2," "," "
162,587.6,HeI,SMP015,18.0," "," "
163,630.0,[OI],SMP015,11.9," "," "
164,636.4,[OI],SMP015,4.6," "," "
165,654.8,[NII],SMP015,10.1," "," "
166,656.3,Halpha,SMP015,,s," "
167,658.3,[NII],SMP015,29.7," "," "
168,667.8,HeI,SMP015,2.9," "," "
169,671.7,[SII],SMP015,4.3," "," "
170,673.1,[SII],SMP015,7.1," "," "
171,706.5,HeI,SMP015,6.5," "," "
172,713.6,[ArIII],SMP015,11.9," "," "
173,728.1,HeI,SMP015,1.1," "," "
174,732.0,[OII],SMP015,8.1," "," "
175,733.0,[OII],SMP015,5.4," "," "
176,334.6,[Nev],SMP020,27.0," "," "
177,342.6,[Nev],SMP020,81.5," "," "
178,344.4,OIII,SMP020,10.8," "," "
179,372.7,[OII],SMP020,141.2," "," "
180,374.9,"HeII,H12",SMP020,3.0," "," "
181,377.1,"H11,HeII,OIII",SMP020,2.4," "," "
182,379.8,H10,SMP020,4.7," "," "
183,383.4,"HeII,H9",SMP020,6.7," "," "
184,386.9,[NeIII],SMP020,109.6," "," "
185,388.9,"H8,HeI",SMP020,22.6," "," "
186,396.9,"[NeIII],Hepsi",SMP020,50.7," "," "
187,402.6,HeI,SMP020,3.8," "," "
188,406.9,[SII],SMP020,8.2," "," "
189,407.6,[SII],SMP020,1.5," "," "
190,410.2,"Hdelta,NIII",SMP020,28.6," "," "
191,434.0,Hgamma,SMP020,47.0," "," "
192,436.3,[OIII],SMP020,20.5," "," "
193,447.2,HeI,SMP020,3.6," "," "
194,454.1,HeII,SMP020,1.7," "," "
195,465.9,CIV,SMP020,2.7," "," "
196,468.6,HeII,SMP020,67.6," "," "
197,471.3,"[AriV],HeI,[NeIV]",SMP020,8.4," "," "
198,472.5,[NeIV],SMP020,2.3," "," "
199,474.0,[ArIV],SMP020,6.0," "," "
200,486.1,Hbeta,SMP020,100.0," "," "
201,492.2,HeI,SMP020,1.5," "," "
202,495.9,[OIII],SMP020,226.2," "," "
203,500.7,[OIII],SMP020,,s," "
204,519.9,[NI],SMP020,9.4," "," "
205,541.2,HeII,SMP020,5.0," "," "
206,575.5,[NII],SMP020,14.4," "," "
207,587.6,HeI,SMP020,10.6," "," "
208,630.0,[OI],SMP020,20.2," "," "
209,631.2,[SIII],SMP020,5.8," "," "
210,636.4,[OI],SMP020,9.0," "," "
211,654.8,[NII],SMP020,159.4," "," "
212,656.3,Halpha,SMP020,278.4," "," "
213,658.3,[NII],SMP020,468.1," "," "
214,671.7,[SII],SMP020,24.8," "," "
215,673.1,[SII],SMP020,35.4," "," "
216,700.6,[ArV],SMP020,4.3," "," "
217,706.5,HeI,SMP020,4.2," "," "
218,713.6,[ArIII],SMP020,25.9," "," "
219,723.7,[ArIV],SMP020,,n," "
220,728.1,HeI,SMP020,,n," "
221,732.0,[OII],SMP020,,n," "
222,733.0,[OII],SMP020,,n," "
223,372.7,[OII],SMP023,21.1," "," "
224,374.9,"HeII,H12",SMP023,3.0," "," "
225,377.1,"H11,HeII,OIII",SMP023,4.2," "," "
226,379.8,H10,SMP023,4.4," "," "
227,383.4,"HeII,H9",SMP023,6.5," "," "
228,386.9,[NeIII],SMP023,37.5," "," "
229,388.9,"H8,HeI",SMP023,15.9," "," "
230,396.9,"[NeIII],Hepsi",SMP023,25.8," "," "
231,402.6,HeI,SMP023,1.9," "," "
232,410.2,"Hdelta,NIII",SMP023,26.1," "," "
233,434.0,Hgamma,SMP023,46.7," "," "
234,436.3,[OIII],SMP023,7.4," "," "
235,447.2,HeI,SMP023,4.5," "," "
236,486.1,Hbeta,SMP023,100.0," "," "
237,495.9,[OIII],SMP023,274.8," "," "
238,500.7,[OIII],SMP023,,s," "
239,587.6,HeI,SMP023,12.7," "," "
240,656.3,Halpha,SMP023,282.2," "," "
241,658.3,[NII],SMP023,3.8," "," "
242,667.8,HeI,SMP023,3.0," "," "
243,706.5,HeI,SMP023,5.4," "," "
244,713.6,[ArIII],SMP023,8.3," "," "
245,732.0,[OII],SMP023,2.1," "," "
246,733.0,[OII],SMP023,1.8," "," "
247,370.4,H16,SMP031,1.0," "," "
248,371.2,H15,SMP031,1.0," "," "
249,372.7,[OII],SMP031,32.1," "," "
250,373.4,H13,SMP031,2.3," "," "
251,374.9,"HeII,H12",SMP031,2.4," "," "
252,377.1,"H11,HeII,OIII",SMP031,3.0," "," "
253,379.8,H10,SMP031,3.1," "," "
254,383.4,"HeII,H9",SMP031,6.0," "," "
255,386.9,[NeIII],SMP031,0.5," "," "
256,388.9,"H8,HeI",SMP031,9.7," "," "
257,396.9,"[NeIII],Hepsi",SMP031,14.9," "," "
258,402.6,HeI,SMP031,1.4," "," "
259,406.9,[SII],SMP031,1.0," "," "
260,407.6,[SII],SMP031,0.6," "," "
261,410.2,"Hdelta,NIII",SMP031,25.5," "," "
262,434.0,Hgamma,SMP031,44.0," "," "
263,436.3,[OIII],SMP031,1.0," "," "
264,447.2,HeI,SMP031,2.6," "," "
265,486.1,Hbeta,SMP031,100.0," "," "
266,492.2,HeI,SMP031,1.0," "," "
267,495.9,[OIII],SMP031,29.1," "," "
268,500.7,[OIII],SMP031,83.3," "," "
269,519.9,[NI],SMP031,1.0," "," "
270,557.7,[OI],SMP031,1.2," "," "
271,575.5,[NII],SMP031,4.0," "," "
272,587.6,HeI,SMP031,13.2," "," "
273,630.0,[OI],SMP031,5.1," "," "
274,631.2,[SIII],SMP031,2.2," "," "
275,636.4,[OI],SMP031,1.4," "," "
276,654.8,[NII],SMP031,37.8," "," "
277,656.3,Halpha,SMP031,632.1," "," "
278,658.3,[NII],SMP031,114.8," "," "
279,667.8,HeI,SMP031,5.1," "," "
280,671.7,[SII],SMP031,1.4," "," "
281,673.1,[SII],SMP031,2.6," "," "
282,706.5,HeI,SMP031,14.6," "," "
283,713.6,[ArIII],SMP031,11.5," "," "
284,723.7,[ArIV],SMP031,,n," "
285,728.1,HeI,SMP031,,n," "
286,732.0,[OII],SMP031,,n," "
287,733.0,[OII],SMP031,,n," "
288,342.6,[Nev],SMP037,62.8," "," "
289,344.4,OIII,SMP037,10.9," "," "
290,372.7,[OII],SMP037,85.7," "," "
291,374.9,"HeII,H12",SMP037,2.8," "," "
292,375.9,OIII,SMP037,3.3," "," "
293,377.1,"H11,HeII,OIII",SMP037,2.9," "," "
294,379.8,H10,SMP037,3.3," "," "
295,381.4,HeII,SMP037,1.5," "," "
296,382.0,HeI,SMP037,1.0," "," "
297,383.4,"HeII,H9",SMP037,6.1," "," "
298,386.9,[NeIII],SMP037,77.2," "," "
299,388.9,"H8,HeI",SMP037,14.6," "," "
300,396.9,"[NeIII],Hepsi",SMP037,25.5," "," "
301,402.6,HeI,SMP037,1.5," "," "
302,406.9,[SII],SMP037,4.6," "," "
303,410.2,"Hdelta,NIII",SMP037,26.5," "," "
304,434.0,Hgamma,SMP037,46.8," "," "
305,436.3,[OIII],SMP037,20.5," "," "
306,447.2,HeI,SMP037,3.6," "," "
307,454.1,HeII,SMP037,1.9," "," "
308,468.6,HeII,SMP037,44.9," "," "
309,471.3,"[AriV],HeI,[NeIV]",SMP037,4.3," "," "
310,474.0,[ArIV],SMP037,4.7," "," "
311,486.1,Hbeta,SMP037,100.0," "," "
312,495.9,[OIII],SMP037,407.8," "," "
313,500.7,[OIII],SMP037,,s," "
314,541.2,HeII,SMP037,4.0," "," "
315,575.5,[NII],SMP037,3.4," "," "
316,587.6,HeI,SMP037,8.7," "," "
317,630.0,[OI],SMP037,7.9," "," "
318,631.2,[SIII],SMP037,3.3," "," "
319,636.4,[OI],SMP037,3.1," "," "
320,643.5,[ArV],SMP037,1.1," "," "
321,654.8,[NII],SMP037,52.2," "," "
322,656.3,Halpha,SMP037,279.4," "," "
323,658.3,[NII],SMP037,152.8," "," "
324,667.8,HeI,SMP037,1.8," "," "
325,671.7,[SII],SMP037,3.8," "," "
326,673.1,[SII],SMP037,7.0," "," "
327,700.6,[ArV],SMP037,1.1," "," "
328,706.5,HeI,SMP037,4.4," "," "
329,713.6,[ArIII],SMP037,9.2," "," "
330,732.0,[OII],SMP037,9.2," "," "
331,733.0,[OII],SMP037,6.9," "," "
332,334.0,OIII,SMP047,3.8," "," "
333,334.6,[Nev],SMP047,9.3," "," "
334,342.6,[Nev],SMP047,42.6," "," "
335,344.4,OIII,SMP047,7.8," "," "
336,358.7,HeI,SMP047,1.5," "," "
337,372.7,[OII],SMP047,47.8," "," "
338,374.9,"HeII,H12",SMP047,2.4," "," "
339,375.9,OIII,SMP047,2.6," "," "
340,377.1,"H11,HeII,OIII",SMP047,2.7," "," "
341,379.8,H10,SMP047,5.2," "," "
342,381.4,HeII,SMP047,1.7," "," "
343,382.0,HeI,SMP047,3.8," "," "
344,383.4,"HeII,H9",SMP047,8.8," "," "
345,386.9,[NeIII],SMP047,125.7," "," "
346,388.9,"H8,HeI",SMP047,22.8," "," "
347,396.9,"[NeIII],Hepsi",SMP047,51.6," "," "
348,406.9,[SII],SMP047,7.0," "," "
349,407.6,[SII],SMP047,4.2," "," "
350,410.2,"Hdelta,NIII",SMP047,26.4," "," "
351,434.0,Hgamma,SMP047,46.1," "," "
352,436.3,[OIII],SMP047,19.1," "," "
353,447.2,HeI,SMP047,5.2," "," "
354,454.1,HeII,SMP047,1.2," "," "
355,468.6,HeII,SMP047,45.2," "," "
356,471.3,"[AriV],HeI,[NeIV]",SMP047,3.8," "," "
357,472.5,[NeIV],SMP047,3.0," "," "
358,474.0,[ArIV],SMP047,5.9," "," "
359,486.1,Hbeta,SMP047,100.0," "," "
360,495.9,[OIII],SMP047,365.8," "," "
361,500.7,[OIII],SMP047,,s," "
362,519.9,[NI],SMP047,2.7," "," "
363,541.2,HeII,SMP047,4.0," "," "
364,575.5,[NII],SMP047,9.5," "," "
365,587.6,HeI,SMP047,20.2," "," "
366,630.0,[OI],SMP047,8.5," "," "
367,631.2,[SIII],SMP047,3.3," "," "
368,636.4,[OI],SMP047,5.5," "," "
369,643.5,[ArV],SMP047,1.6," "," "
370,654.8,[NII],SMP047,80.2," "," "
371,656.3,Halpha,SMP047,276.1," "," "
372,658.3,[NII],SMP047,238.9," "," "
373,667.8,HeI,SMP047,4.9," "," "
374,671.7,[SII],SMP047,6.8," "," "
375,673.1,[SII],SMP047,11.4," "," "
376,700.6,[ArV],SMP047,2.9," "," "
377,706.5,HeI,SMP047,13.1," "," "
378,713.6,[ArIII],SMP047,22.3," "," "
379,723.7,[ArIV],SMP047,1.0," "," "
380,728.1,HeI,SMP047,0.9," "," "
381,732.0,[OII],SMP047,11.4," "," "
382,733.0,[OII],SMP047,8.1," "," "
383,344.4,OIII,SMP050,3.4," "," "
384,372.7,[OII],SMP050,25.5," "," "
385,374.9,"HeII,H12",SMP050,4.0," "," "
386,375.9,OIII,SMP050,3.9," "," "
387,377.1,"H11,HeII,OIII",SMP050,3.9," "," "
388,379.8,H10,SMP050,5.2," "," "
389,382.0,HeI,SMP050,1.5," "," "
390,383.4,"HeII,H9",SMP050,6.1," "," "
391,386.9,[NeIII],SMP050,69.9," "," "
392,388.9,"H8,HeI",SMP050,20.5," "," "
393,396.9,"[NeIII],Hepsi",SMP050,38.3," "," "
394,402.6,HeI,SMP050,1.9," "," "
395,406.9,[SII],SMP050,1.8," "," "
396,410.2,"Hdelta,NIII",SMP050,26.4," "," "
397,434.0,Hgamma,SMP050,47.5," "," "
398,436.3,[OIII],SMP050,15.6," "," "
399,447.2,HeI,SMP050,4.9," "," "
400,468.6,HeII,SMP050,19.3," "," "
401,471.3,"[AriV],HeI,[NeIV]",SMP050,3.0," "," "
402,474.0,[ArIV],SMP050,2.5," "," "
403,486.1,Hbeta,SMP050,100.0," "," "
404,495.9,[OIII],SMP050,344.3," ",?
405,500.7,[OIII],SMP050,,s," "
406,541.2,HeII,SMP050,1.5," "," "
407,587.6,HeI,SMP050,14.6," "," "
408,630.0,[OI],SMP050,1.6," "," "
409,631.2,[SIII],SMP050,1.5," "," "
410,636.4,[OI],SMP050,1.6," "," "
411,654.8,[NII],SMP050,2.6," "," "
412,656.3,Halpha,SMP050,281.5," "," "
413,658.3,[NII],SMP050,7.8," "," "
414,667.8,HeI,SMP050,3.0," "," "
415,673.1,[SII],SMP050,1.9," "," "
416,706.5,HeI,SMP050,6.1," "," "
417,713.6,[ArIII],SMP050,6.0," "," "
418,732.0,[OII],SMP050,2.7," "," "
419,733.0,[OII],SMP050,1.9," "," "
420,334.0,OIII,SMP052,2.4," "," "
421,342.6,[Nev],SMP052,4.5," "," "
422,344.4,OIII,SMP052,5.2," "," "
423,372.7,[OII],SMP052,48.6," "," "
424,374.9,"HeII,H12",SMP052,3.6," "," "
425,375.9,OIII,SMP052,4.2," "," "
426,377.1,"H11,HeII,OIII",SMP052,4.4," "," "
427,379.8,H10,SMP052,6.1," "," "
428,381.4,HeII,SMP052,1.3," "," "
429,383.4,"HeII,H9",SMP052,7.7," "," "
430,386.9,[NeIII],SMP052,92.4," "," "
431,388.9,"H8,HeI",SMP052,22.5," "," "
432,396.9,"[NeIII],Hepsi",SMP052,45.5," "," "
433,402.6,HeI,SMP052,2.9," "," "
434,406.9,[SII],SMP052,2.7," "," "
435,410.2,"Hdelta,NIII",SMP052,27.4," "," "
436,434.0,Hgamma,SMP052,46.1," "," "
437,436.3,[OIII],SMP052,20.0," "," "
438,447.2,HeI,SMP052,3.5," "," "
439,454.1,HeII,SMP052,1.0," "," "
440,468.6,HeII,SMP052,25.7," "," "
441,471.3,"[AriV],HeI,[NeIV]",SMP052,4.9," "," "
442,474.0,[ArIV],SMP052,4.6," "," "
443,486.1,Hbeta,SMP052,100.0," "," "
444,495.9,[OIII],SMP052,450.0," "," "
445,500.7,[OIII],SMP052,,s," "
446,541.2,HeII,SMP052,0.9," "," "
447,587.6,HeI,SMP052,10.5," "," "
448,630.0,[OI],SMP052,2.7," "," "
449,631.2,[SIII],SMP052,1.8," "," "
450,636.4,[OI],SMP052,1.9," "," "
451,654.8,[NII],SMP052,4.1," "," "
452,656.3,Halpha,SMP052,,s," "
453,658.3,[NII],SMP052,11.9," "," "
454,667.8,HeI,SMP052,1.9," "," "
455,671.7,[SII],SMP052,1.0," "," "
456,673.1,[SII],SMP052,2.5," "," "
457,706.5,HeI,SMP052,4.2," "," "
458,713.6,[ArIII],SMP052,7.9," "," "
459,732.0,[OII],SMP052,2.6," "," "
460,733.0,[OII],SMP052,1.4," "," "
461,370.4,H16,SMP055,0.7," "," "
462,371.2,H15,SMP055,0.9," "," "
463,372.7,[OII],SMP055,95.7," "," "
464,374.9,"HeII,H12",SMP055,2.1," "," "
465,377.1,"H11,HeII,OIII",SMP055,3.3," "," "
466,379.8,H10,SMP055,4.7," "," "
467,383.4,"HeII,H9",SMP055,6.6," "," "
468,386.9,[NeIII],SMP055,1.9," "," "
469,388.9,"H8,HeI",SMP055,13.6," "," "
470,396.9,"[NeIII],Hepsi",SMP055,16.4," "," "
471,402.6,HeI,SMP055,1.6," "," "
472,406.9,[SII],SMP055,2.4," "," "
473,407.6,[SII],SMP055,1.2," "," "
474,410.2,"Hdelta,NIII",SMP055,25.8," "," "
475,434.0,Hgamma,SMP055,46.8," "," "
476,436.3,[OIII],SMP055,2.1," "," "
477,447.2,HeI,SMP055,3.1," "," "
478,465.9,CIV,SMP055,0.7," "," "
479,486.1,Hbeta,SMP055,100.0," "," "
480,492.2,HeI,SMP055,1.1," "," "
481,495.9,[OIII],SMP055,51.0," "," "
482,500.7,[OIII],SMP055,148.2," "," "
483,519.9,[NI],SMP055,0.8," "," "
484,575.5,[NII],SMP055,2.4," "," "
485,587.6,HeI,SMP055,11.4," "," "
486,630.0,[OI],SMP055,2.5," "," "
487,631.2,[SIII],SMP055,1.4," "," "
488,636.4,[OI],SMP055,0.7," "," "
489,654.8,[NII],SMP055,23.7," "," "
490,656.3,Halpha,SMP055,280.0," "," "
491,658.3,[NII],SMP055,68.0," "," "
492,667.8,HeI,SMP055,3.7," "," "
493,671.7,[SII],SMP055,1.9," "," "
494,673.1,[SII],SMP055,4.3," "," "
495,706.5,HeI,SMP055,9.2," "," "
496,713.6,[ArIII],SMP055,6.1," "," "
497,723.7,[ArIV],SMP055,,n," "
498,728.1,HeI,SMP055,,n," "
499,732.0,[OII],SMP055,,n," "
500,733.0,[OII],SMP055,,n," "
501,372.7,[OII],SMP056,144.1," "," "
502,386.9,[NeIII],SMP056,5.0," "," "
503,388.9,"H8,HeI",SMP056,19.5," "," "
504,396.9,"[NeIII],Hepsi",SMP056,19.3," "," "
505,410.2,"Hdelta,NIII",SMP056,26.3," "," "
506,434.0,Hgamma,SMP056,47.1," "," "
507,436.3,[OIII],SMP056,3.7," "," "
508,447.2,HeI,SMP056,5.7," "," "
509,486.1,Hbeta,SMP056,100.0," "," "
510,495.9,[OIII],SMP056,91.5," "," "
511,500.7,[OIII],SMP056,,s," "
512,636.4,[OI],SMP056,2.8," "," "
513,654.8,[NII],SMP056,4.9," "," "
514,656.3,Halpha,SMP056,,s," "
515,658.3,[NII],SMP056,14.1," "," "
516,667.8,HeI,SMP056,2.3," "," "
517,706.5,HeI,SMP056,6.2," "," "
518,713.6,[ArIII],SMP056,6.9," "," "
519,732.0,[OII],SMP056,6.9," "," "
520,733.0,[OII],SMP056,3.0," "," "
521,372.7,[OII],SMP058,8.2," "," "
522,374.9,"HeII,H12",SMP058,2.6," "," "
523,375.9,OIII,SMP058,1.8," "," "
524,377.1,"H11,HeII,OIII",SMP058,4.1," "," "
525,379.8,H10,SMP058,4.1," "," "
526,382.0,HeI,SMP058,1.4," "," "
527,383.4,"HeII,H9",SMP058,6.6," "," "
528,386.9,[NeIII],SMP058,33.9," "," "
529,388.9,"H8,HeI",SMP058,13.5," "," "
530,396.9,"[NeIII],Hepsi",SMP058,24.6," "," "
531,402.6,HeI,SMP058,2.2," "," "
532,410.2,"Hdelta,NIII",SMP058,25.8," "," "
533,426.7,CII,SMP058,1.4," "," "
534,434.0,Hgamma,SMP058,47.2," "," "
535,436.3,[OIII],SMP058,9.0," "," "
536,447.2,HeI,SMP058,6.2," "," "
537,468.6,HeII,SMP058,1.8," "," "
538,471.3,"[AriV],HeI,[NeIV]",SMP058,0.9," "," "
539,486.1,Hbeta,SMP058,100.0," "," "
540,495.9,[OIII],SMP058,244.7," "," "
541,500.7,[OIII],SMP058,,s," "
542,580.6,CIV,SMP058,3.0," "," "
543,587.6,HeI,SMP058,13.1," "," "
544,630.0,[OI],SMP058,2.4," "," "
545,631.2,[SIII],SMP058,1.9," "," "
546,636.4,[OI],SMP058,1.0," "," "
547,654.8,[NII],SMP058,2.0," "," "
548,656.3,Halpha,SMP058,,s," "
549,658.3,[NII],SMP058,5.8," "," "
550,667.8,HeI,SMP058,3.0," "," "
551,706.5,HeI,SMP058,11.1," "," "
552,713.6,[ArIII],SMP058,7.7," "," "
553,723.7,[ArIV],SMP058,1.4," "," "
554,728.1,HeI,SMP058,0.6," "," "
555,732.0,[OII],SMP058,6.5," "," "
556,733.0,[OII],SMP058,6.8," "," "
557,334.0,OIII,SMP060,,n," "
558,334.6,[Nev],SMP060,,n," "
559,372.7,[OII],SMP060,37.3," "," "
560,386.9,[NeIII],SMP060,71.6," "," "
561,388.9,"H8,HeI",SMP060,17.3," "," "
562,396.9,"[NeIII],Hepsi",SMP060,47.6," "," "
563,410.2,"Hdelta,NIII",SMP060,26.6," "," "
564,434.0,Hgamma,SMP060,47.8," "," "
565,436.3,[OIII],SMP060,19.5," "," "
566,468.6,HeII,SMP060,96.4," "," "
567,471.3,"[AriV],HeI,[NeIV]",SMP060,12.3," "," "
568,486.1,Hbeta,SMP060,100.0," "," "
569,495.9,[OIII],SMP060,291.7," "," "
570,500.7,[OIII],SMP060,839.4," "," "
571,541.2,HeII,SMP060,7.7," "," "
572,654.8,[NII],SMP060,2.8," "," "
573,656.3,Halpha,SMP060,279.3," "," "
574,658.3,[NII],SMP060,8.6," "," "
575,713.6,[ArIII],SMP060,6.2," "," "
576,723.7,[ArIV],SMP060,,n," "
577,728.1,HeI,SMP060,,n," "
578,732.0,[OII],SMP060,,n," "
579,733.0,[OII],SMP060,,n," "
580,370.4,H16,SMP061,2.2," "," "
581,371.2,H15,SMP061,2.3," "," "
582,372.7,[OII],SMP061,85.8," "," "
583,374.9,"HeII,H12",SMP061,3.4," "," "
584,377.1,"H11,HeII,OIII",SMP061,4.5," "," "
585,379.8,H10,SMP061,5.4," "," "
586,382.0,HeI,SMP061,2.0," "," "
587,383.4,"HeII,H9",SMP061,10.4," "," "
588,386.9,[NeIII],SMP061,50.6," "," "
589,388.9,"H8,HeI",SMP061,24.6," "," "
590,396.9,"[NeIII],Hepsi",SMP061,37.9," "," "
591,402.6,HeI,SMP061,3.9," "," "
592,406.9,[SII],SMP061,3.9," "," "
593,407.6,[SII],SMP061,2.0," "," "
594,410.2,"Hdelta,NIII",SMP061,31.2," "," "
595,426.7,CII,SMP061,1.7," "," "
596,434.0,Hgamma,SMP061,46.6," "," "
597,436.3,[OIII],SMP061,6.4," "," "
598,447.2,HeI,SMP061,5.9," "," "
599,471.3,"[AriV],HeI,[NeIV]",SMP061,1.3," "," "
600,486.1,Hbeta,SMP061,100.0," "," "
601,492.2,HeI,SMP061,2.0," "," "
602,495.9,[OIII],SMP061,222.5," "," "
603,500.7,[OIII],SMP061,,s," "
604,575.5,[NII],SMP061,1.4," "," "
605,587.6,HeI,SMP061,18.8," "," "
606,630.0,[OI],SMP061,6.1," "," "
607,631.2,[SIII],SMP061,1.3," "," "
608,636.4,[OI],SMP061,2.3," "," "
609,654.8,[NII],SMP061,15.0," "," "
610,656.3,Halpha,SMP061,282.1," "," "
611,658.3,[NII],SMP061,44.8," "," "
612,667.8,HeI,SMP061,6.1," "," "
613,671.7,[SII],SMP061,2.2," "," "
614,673.1,[SII],SMP061,4.9," "," "
615,706.5,HeI,SMP061,13.7," "," "
616,713.6,[ArIII],SMP061,16.3," "," "
617,723.7,[ArIV],SMP061,,n," "
618,728.1,HeI,SMP061,,n," "
619,732.0,[OII],SMP061,,n," "
620,733.0,[OII],SMP061,,n," "
621,372.7,[OII],SMP063,32.4," "," "
622,374.9,"HeII,H12",SMP063,3.1," "," "
623,377.1,"H11,HeII,OIII",SMP063,4.4," "," "
624,379.8,H10,SMP063,4.9," "," "
625,383.4,"HeII,H9",SMP063,7.7," "," "
626,386.9,[NeIII],SMP063,58.4," "," "
627,388.9,"H8,HeI",SMP063,17.7," "," "
628,396.9,"[NeIII],Hepsi",SMP063,30.4," "," "
629,402.6,HeI,SMP063,2.2," "," "
630,406.9,[SII],SMP063,1.7," "," "
631,410.2,"Hdelta,NIII",SMP063,25.9," "," "
632,434.0,Hgamma,SMP063,46.1," "," "
633,436.3,[OIII],SMP063,9.8," "," "
634,447.2,HeI,SMP063,5.9," "," "
635,471.3,"[AriV],HeI,[NeIV]",SMP063,2.6," "," "
636,474.0,[ArIV],SMP063,1.5," "," "
637,486.1,Hbeta,SMP063,100.0," "," "
638,495.9,[OIII],SMP063,338.4," "," "
639,500.7,[OIII],SMP063,967.0," "," "
640,587.6,HeI,SMP063,14.0," "," "
641,630.0,[OI],SMP063,2.4," "," "
642,631.2,[SIII],SMP063,1.3," "," "
643,636.4,[OI],SMP063,3.0," "," "
644,654.8,[NII],SMP063,5.9," "," "
645,656.3,Halpha,SMP063,280.6," "," "
646,658.3,[NII],SMP063,17.6," "," "
647,667.8,HeI,SMP063,5.5," "," "
648,671.7,[SII],SMP063,2.0," "," "
649,673.1,[SII],SMP063,3.3," "," "
650,706.5,HeI,SMP063,15.7," "," "
651,713.6,[ArIII],SMP063,15.9," "," "
652,732.0,[OII],SMP063,9.6," "," "
653,733.0,[OII],SMP063,6.3," "," "
654,372.7,[OII],SMP064,18.7," "," "
655,374.9,"HeII,H12",SMP064,3.8," "," "
656,375.9,OIII,SMP064,2.9," "," "
657,377.1,"H11,HeII,OIII",SMP064,8.2," "," "
658,379.8,H10,SMP064,6.4," "," "
659,383.4,"HeII,H9",SMP064,11.1," "," "
660,388.9,"H8,HeI",SMP064,29.8," "," "
661,396.9,"[NeIII],Hepsi",SMP064,18.3," "," "
662,406.9,[SII],SMP064,4.7," "," "
663,410.2,"Hdelta,NIII",SMP064,27.9," "," "
664,434.0,Hgamma,SMP064,45.6," "," "
665,436.3,[OIII],SMP064,4.5," "," "
666,447.2,HeI,SMP064,3.4," "," "
667,465.9,CIV,SMP064,10.4," "," "
668,486.1,Hbeta,SMP064,100.0," "," "
669,492.2,HeI,SMP064,2.5," "," "
670,495.9,[OIII],SMP064,8.0," "," "
671,500.7,[OIII],SMP064,24.6," "," "
672,519.9,[NI],SMP064,1.7," "," "
673,541.2,HeII,SMP064,1.2," "," "
674,575.5,[NII],SMP064,12.3," "," "
675,587.6,HeI,SMP064,9.7," "," "
676,630.0,[OI],SMP064,2.3," "," "
677,631.2,[SIII],SMP064,6.5," "," "
678,636.4,[OI],SMP064,3.3," "," "
679,654.8,[NII],SMP064,3.2," "," "
680,656.3,Halpha,SMP064,285.1," "," "
681,658.3,[NII],SMP064,9.8," "," "
682,667.8,HeI,SMP064,1.9," "," "
683,706.5,HeI,SMP064,3.9," "," "
684,713.6,[ArIII],SMP064,4.6," "," "
685,732.0,[OII],SMP064,15.0," "," "
686,733.0,[OII],SMP064,10.0," "," "
687,372.7,[OII],SMP065,19.6," "," "
688,379.8,H10,SMP065,5.4," "," "
689,386.9,[NeIII],SMP065,32.0," "," "
690,388.9,"H8,HeI",SMP065,19.1," "," "
691,396.9,"[NeIII],Hepsi",SMP065,27.7," "," "
692,410.2,"Hdelta,NIII",SMP065,25.6," "," "
693,434.0,Hgamma,SMP065,46.8," "," "
694,436.3,[OIII],SMP065,5.8," "," "
695,486.1,Hbeta,SMP065,100.0," "," "
696,495.9,[OIII],SMP065,255.9," "," "
697,500.7,[OIII],SMP065,,s," "
698,587.6,HeI,SMP065,16.7," "," "
699,656.3,Halpha,SMP065,283.4," "," "
700,706.5,HeI,SMP065,7.8," "," "
701,713.6,[ArIII],SMP065,7.2," "," "
702,370.4,H16,SMP067,2.4," "," "
703,371.2,H15,SMP067,2.5," "," "
704,372.7,[OII],SMP067,127.9," "," "
705,374.9,"HeII,H12",SMP067,3.3," "," "
706,377.1,"H11,HeII,OIII",SMP067,3.8," "," "
707,379.8,H10,SMP067,4.9," "," "
708,383.4,"HeII,H9",SMP067,7.8," "," "
709,386.9,[NeIII],SMP067,18.3," "," "
710,388.9,"H8,HeI",SMP067,22.5," "," "
711,396.9,"[NeIII],Hepsi",SMP067,25.6," "," "
712,402.6,HeI,SMP067,4.2," "," "
713,410.2,"Hdelta,NIII",SMP067,27.7," "," "
714,434.0,Hgamma,SMP067,47.3," "," "
715,436.3,[OIII],SMP067,3.3," "," "
716,447.2,HeI,SMP067,5.7," "," "
717,465.9,CIV,SMP067,0.6," "," "
718,471.3,"[AriV],HeI,[NeIV]",SMP067,0.6," "," "
719,486.1,Hbeta,SMP067,100.0," "," "
720,492.2,HeI,SMP067,3.2," "," "
721,495.9,[OIII],SMP067,95.7," "," "
722,500.7,[OIII],SMP067,269.3," "," "
723,519.9,[NI],SMP067,2.4," "," "
724,575.5,[NII],SMP067,4.6," "," "
725,587.6,HeI,SMP067,16.2," "," "
726,630.0,[OI],SMP067,3.1," "," "
727,636.4,[OI],SMP067,1.2," "," "
728,654.8,[NII],SMP067,74.7," "," "
729,656.3,Halpha,SMP067,282.2," "," "
730,658.3,[NII],SMP067,226.8," "," "
731,667.8,HeI,SMP067,4.9," "," "
732,671.7,[SII],SMP067,4.1," "," "
733,673.1,[SII],SMP067,6.8," "," "
734,706.5,HeI,SMP067,6.7," "," "
735,713.6,[ArIII],SMP067,8.7," "," "
736,723.7,[ArIV],SMP067,,n," "
737,728.1,HeI,SMP067,,n," "
738,732.0,[OII],SMP067,,n," "
739,733.0,[OII],SMP067,,n," "
740,370.4,H16,SMP076,1.4," "," "
741,371.2,H15,SMP076,1.6," "," "
742,372.7,[OII],SMP076,22.2," "," "
743,373.4,H13,SMP076,2.9," "," "
744,374.9,"HeII,H12",SMP076,3.1," "," "
745,377.1,"H11,HeII,OIII",SMP076,3.2," "," "
746,379.8,H10,SMP076,5.0," "," "
747,382.0,HeI,SMP076,1.1," "," "
748,383.4,"HeII,H9",SMP076,7.1," "," "
749,386.9,[NeIII],SMP076,34.6," "," "
750,388.9,"H8,HeI",SMP076,19.0," "," "
751,396.9,"[NeIII],Hepsi",SMP076,30.6," "," "
752,402.6,HeI,SMP076,3.5," "," "
753,406.9,[SII],SMP076,1.7," "," "
754,410.2,"Hdelta,NIII",SMP076,25.5," "," "
755,426.7,CII,SMP076,1.4," "," "
756,434.0,Hgamma,SMP076,45.9," "," "
757,436.3,[OIII],SMP076,5.6," "," "
758,447.2,HeI,SMP076,5.2," "," "
759,486.1,Hbeta,SMP076,100.0," "," "
760,492.2,HeI,SMP076,1.1," "," "
761,495.9,[OIII],SMP076,202.0," "," "
762,500.7,[OIII],SMP076,,s," "
763,587.6,HeI,SMP076,15.1," "," "
764,630.0,[OI],SMP076,2.5," "," "
765,654.8,[NII],SMP076,3.4," "," "
766,656.3,Halpha,SMP076,280.3," "," "
767,658.3,[NII],SMP076,10.0," "," "
768,706.5,HeI,SMP076,9.6," "," "
769,713.6,[ArIII],SMP076,5.8," "," "
770,723.7,[ArIV],SMP076,,n," "
771,728.1,HeI,SMP076,,n," "
772,732.0,[OII],SMP076,,n," "
773,733.0,[OII],SMP076,,n," "
774,372.7,[OII],SMP077,96.1," "," "
775,374.9,"HeII,H12",SMP077,0.8," "," "
776,375.9,OIII,SMP077,2.9," "," "
777,377.1,"H11,HeII,OIII",SMP077,3.4," "," "
778,379.8,H10,SMP077,4.4," "," "
779,382.0,HeI,SMP077,0.9," "," "
780,386.9,[NeIII],SMP077,14.0," "," "
781,388.9,"H8,HeI",SMP077,17.7," "," "
782,396.9,"[NeIII],Hepsi",SMP077,20.4," "," "
783,402.6,HeI,SMP077,2.7," "," "
784,410.2,"Hdelta,NIII",SMP077,25.2," "," "
785,434.0,Hgamma,SMP077,46.8," "," "
786,436.3,[OIII],SMP077,3.0," "," "
787,447.2,HeI,SMP077,5.5," "," "
788,471.3,"[AriV],HeI,[NeIV]",SMP077,1.2," "," "
789,486.1,Hbeta,SMP077,100.0," "," "
790,495.9,[OIII],SMP077,108.9," "," "
791,500.7,[OIII],SMP077,312.8," "," "
792,587.6,HeI,SMP077,17.6," "," "
793,654.8,[NII],SMP077,9.9," "," "
794,656.3,Halpha,SMP077,281.9," "," "
795,658.3,[NII],SMP077,28.3," "," "
796,667.8,HeI,SMP077,5.1," "," "
797,706.5,HeI,SMP077,8.3," "," "
798,713.6,[ArIII],SMP077,7.2," "," "
799,732.0,[OII],SMP077,8.6," "," "
800,733.0,[OII],SMP077,4.7," "," "
801,334.6,[Nev],SMP083,26.1," "," "
802,342.6,[Nev],SMP083,99.2," "," "
803,344.4,OIII,SMP083,6.2," "," "
804,358.7,HeI,SMP083,1.7," "," "
805,372.7,[OII],SMP083,73.2," "," "
806,374.9,"HeII,H12",SMP083,2.6," "," "
807,375.9,OIII,SMP083,2.3," "," "
808,377.1,"H11,HeII,OIII",SMP083,2.9," "," "
809,379.8,H10,SMP083,5.1," "," "
810,381.4,HeII,SMP083,0.9," "," "
811,383.4,"HeII,H9",SMP083,9.6," "," "
812,386.9,[NeIII],SMP083,84.9," "," "
813,388.9,"H8,HeI",SMP083,15.7," "," "
814,396.9,"[NeIII],Hepsi",SMP083,43.5," "," "
815,402.6,HeI,SMP083,2.9," "," "
816,406.9,[SII],SMP083,3.7," "," "
817,410.2,"Hdelta,NIII",SMP083,26.3," "," "
818,434.0,Hgamma,SMP083,48.3," "," "
819,436.3,[OIII],SMP083,24.6," "," "
820,447.2,HeI,SMP083,4.3," "," "
821,454.1,HeII,SMP083,2.1," "," "
822,468.6,HeII,SMP083,60.1," "," "
823,471.3,"[AriV],HeI,[NeIV]",SMP083,12.2," "," "
824,472.5,[NeIV],SMP083,2.0," "," "
825,474.0,[ArIV],SMP083,9.0," "," "
826,486.1,Hbeta,SMP083,100.0," "," "
827,495.9,[OIII],SMP083,313.3," "," "
828,500.7,[OIII],SMP083,,s," "
829,519.9,[NI],SMP083,0.9," "," "
830,541.2,HeII,SMP083,5.1," "," "
831,557.7,[OI],SMP083,8.8," "," "
832,575.5,[NII],SMP083,2.8," "," "
833,587.6,HeI,SMP083,10.0," "," "
834,608.7,[CaV],SMP083,4.8," "," "
835,630.0,[OI],SMP083,5.7," "," "
836,631.2,[SIII],SMP083,4.9," "," "
837,636.4,[OI],SMP083,1.7," "," "
838,643.5,[ArV],SMP083,1.5," "," "
839,654.8,[NII],SMP083,37.4," "," "
840,656.3,Halpha,SMP083,278.2," "," "
841,658.3,[NII],SMP083,115.3," "," "
842,667.8,HeI,SMP083,3.2," "," "
843,671.7,[SII],SMP083,9.5," "," "
844,673.1,[SII],SMP083,13.3," "," "
845,700.6,[ArV],SMP083,4.0," "," "
846,706.5,HeI,SMP083,2.3," "," "
847,713.6,[ArIII],SMP083,17.2," "," "
848,732.0,[OII],SMP083,2.7," "," "
849,733.0,[OII],SMP083,3.1," "," "
850,372.7,[OII],SMP085,43.1," "," "
851,373.4,H13,SMP085,2.1," "," "
852,374.9,"HeII,H12",SMP085,2.7," "," "
853,377.1,"H11,HeII,OIII",SMP085,3.1," "," "
854,379.8,H10,SMP085,3.5," "," "
855,382.0,HeI,SMP085,2.5," "," "
856,383.4,"HeII,H9",SMP085,6.7," "," "
857,386.9,[NeIII],SMP085,16.2," "," "
858,388.9,"H8,HeI",SMP085,17.4," "," "
859,396.9,"[NeIII],Hepsi",SMP085,25.6," "," "
860,402.6,HeI,SMP085,3.4," "," "
861,406.9,[SII],SMP085,2.8," "," "
862,407.6,[SII],SMP085,1.5," "," "
863,410.2,"Hdelta,NIII",SMP085,25.7," "," "
864,426.7,CII,SMP085,1.4," "," "
865,434.0,Hgamma,SMP085,46.1," "," "
866,436.3,[OIII],SMP085,3.1," "," "
867,447.2,HeI,SMP085,5.5," "," "
868,471.3,"[AriV],HeI,[NeIV]",SMP085,1.2," "," "
869,486.1,Hbeta,SMP085,100.0," "," "
870,492.2,HeI,SMP085,1.5," "," "
871,495.9,[OIII],SMP085,118.5," "," "
872,500.7,[OIII],SMP085,337.9," "," "
873,575.5,[NII],SMP085,1.3," "," "
874,587.6,HeI,SMP085,11.9," "," "
875,630.0,[OI],SMP085,2.1," "," "
876,631.2,[SIII],SMP085,1.2," "," "
877,636.4,[OI],SMP085,0.8," "," "
878,654.8,[NII],SMP085,14.5," "," "
879,656.3,Halpha,SMP085,280.6," "," "
880,658.3,[NII],SMP085,43.2," "," "
881,667.8,HeI,SMP085,3.7," "," "
882,706.5,HeI,SMP085,9.8," "," "
883,713.6,[ArIII],SMP085,6.8," "," "
884,723.7,[ArIV],SMP085,,n," "
885,728.1,HeI,SMP085,,n," "
886,732.0,[OII],SMP085,,n," "
887,733.0,[OII],SMP085,,n," "
888,334.0,OIII,SMP088,,n," "
889,334.6,[Nev],SMP088,,n," "
890,342.6,[Nev],SMP088,166.5," "," "
891,344.4,OIII,SMP088,14.5," "," "
892,372.7,[OII],SMP088,51.4," "," "
893,374.9,"HeII,H12",SMP088,8.5," "," "
894,375.9,OIII,SMP088,5.7," "," "
895,379.8,H10,SMP088,5.7," "," "
896,383.4,"HeII,H9",SMP088,9.9," "," "
897,386.9,[NeIII],SMP088,42.8," "," "
898,388.9,"H8,HeI",SMP088,22.0," "," "
899,396.9,"[NeIII],Hepsi",SMP088,23.0," "," "
900,402.6,HeI,SMP088,4.0," "," "
901,406.9,[SII],SMP088,14.6," "," "
902,410.2,"Hdelta,NIII",SMP088,26.6," "," "
903,434.0,Hgamma,SMP088,49.2," "," "
904,436.3,[OIII],SMP088,15.3," "," "
905,447.2,HeI,SMP088,5.6," "," "
906,454.1,HeII,SMP088,3.2," "," "
907,468.6,HeII,SMP088,91.4," "," "
908,471.3,"[AriV],HeI,[NeIV]",SMP088,5.0," "," "
909,474.0,[ArIV],SMP088,7.3," "," "
910,486.1,Hbeta,SMP088,100.0," "," "
911,495.9,[OIII],SMP088,90.4," "," "
912,500.7,[OIII],SMP088,255.9," "," "
913,541.2,HeII,SMP088,4.5," "," "
914,575.5,[NII],SMP088,1.8," "," "
915,587.6,HeI,SMP088,8.9," "," "
916,630.0,[OI],SMP088,6.5," "," "
917,636.4,[OI],SMP088,2.9," "," "
918,654.8,[NII],SMP088,28.1," "," "
919,656.3,Halpha,SMP088,276.8," "," "
920,658.3,[NII],SMP088,84.1," "," "
921,667.8,HeI,SMP088,4.6," "," "
922,671.7,[SII],SMP088,3.2," "," "
923,673.1,[SII],SMP088,4.9," "," "
924,706.5,HeI,SMP088,5.0," "," "
925,723.7,[ArIV],SMP088,,n," "
926,728.1,HeI,SMP088,,n," "
927,732.0,[OII],SMP088,,n," "
928,733.0,[OII],SMP088,,n," "
929,344.4,OIII,SMP089,5.4," "," "
930,372.7,[OII],SMP089,68.0," "," "
931,374.9,"HeII,H12",SMP089,1.5," "," "
932,375.9,OIII,SMP089,1.6," "," "
933,377.1,"H11,HeII,OIII",SMP089,2.6," "," "
934,379.8,H10,SMP089,5.6," "," "
935,382.0,HeI,SMP089,1.8," "," "
936,383.4,"HeII,H9",SMP089,10.2," "," "
937,386.9,[NeIII],SMP089,127.5," "," "
938,388.9,"H8,HeI",SMP089,22.7," "," "
939,396.9,"[NeIII],Hepsi",SMP089,58.5," "," "
940,402.6,HeI,SMP089,2.4," "," "
941,406.9,[SII],SMP089,3.3," "," "
942,407.6,[SII],SMP089,3.6," "," "
943,410.2,"Hdelta,NIII",SMP089,25.4," "," "
944,434.0,Hgamma,SMP089,47.3," "," "
945,436.3,[OIII],SMP089,20.0," "," "
946,447.2,HeI,SMP089,5.0," "," "
947,468.6,HeII,SMP089,12.7," "," "
948,471.3,"[AriV],HeI,[NeIV]",SMP089,2.0," "," "
949,474.0,[ArIV],SMP089,2.3," "," "
950,486.1,Hbeta,SMP089,100.0," "," "
951,495.9,[OIII],SMP089,456.8," "," "
952,500.7,[OIII],SMP089,,s," "
953,541.2,HeII,SMP089,1.0," "," "
954,587.6,HeI,SMP089,12.4," "," "
955,630.0,[OI],SMP089,5.4," "," "
956,636.4,[OI],SMP089,2.3," "," "
957,654.8,[NII],SMP089,7.8," "," "
958,656.3,Halpha,SMP089,,s," "
959,658.3,[NII],SMP089,21.9," "," "
960,667.8,HeI,SMP089,2.5," "," "
961,671.7,[SII],SMP089,1.5," "," "
962,673.1,[SII],SMP089,2.7," "," "
963,706.5,HeI,SMP089,5.9," "," "
964,713.6,[ArIII],SMP089,6.1," "," "
965,732.0,[OII],SMP089,4.2," "," "
966,733.0,[OII],SMP089,3.4," "," "
967,334.0,OIII,SMP094,,n," "
968,334.6,[Nev],SMP094,,n," "
969,342.6,[Nev],SMP094,17.0," "," "
970,344.4,OIII,SMP094,7.0," "," "
971,373.4,H13,SMP094,2.4," "," "
972,374.9,"HeII,H12",SMP094,2.6," "," "
973,377.1,"H11,HeII,OIII",SMP094,2.9," "," "
974,379.8,H10,SMP094,5.2," "," "
975,383.4,"HeII,H9",SMP094,6.4," "," "
976,386.9,[NeIII],SMP094,8.3," "," "
977,388.9,"H8,HeI",SMP094,15.1," "," "
978,396.9,"[NeIII],Hepsi",SMP094,15.3," "," "
979,402.6,HeI,SMP094,2.3," "," "
980,410.2,"Hdelta,NIII",SMP094,21.1," "," "
981,434.0,Hgamma,SMP094,40.8," "," "
982,436.3,[OIII],SMP094,9.3," "," "
983,447.2,HeI,SMP094,3.8," "," "
984,454.1,HeII,SMP094,2.2," "," "
985,468.6,HeII,SMP094,54.7," "," "
986,471.3,"[AriV],HeI,[NeIV]",SMP094,3.2," "," "
987,486.1,Hbeta,SMP094,100.0," "," "
988,495.9,[OIII],SMP094,16.6," "," "
989,500.7,[OIII],SMP094,50.2," "," "
990,541.2,HeII,SMP094,5.4," "," "
991,587.6,HeI,SMP094,11.9," "," "
992,608.7,[CaV],SMP094,2.0," "," "
993,656.3,Halpha,SMP094,694.9," "," "
994,667.8,HeI,SMP094,4.8," "," "
995,706.5,HeI,SMP094,12.4," "," "
996,723.7,[ArIV],SMP094,,n," "
997,728.1,HeI,SMP094,,n," "
998,732.0,[OII],SMP094,,n," "
999,733.0,[OII],SMP094,,n," "
1000,342.6,[Nev],SMP096,45.9," "," "
1001,372.7,[OII],SMP096,176.8," "," "
1002,386.9,[NeIII],SMP096,120.0," "," "
1003,388.9,"H8,HeI",SMP096,29.6," "," "
1004,396.9,"[NeIII],Hepsi",SMP096,58.0," "," "
1005,410.2,"Hdelta,NIII",SMP096,26.6," "," "
1006,434.0,Hgamma,SMP096,47.9," "," "
1007,436.3,[OIII],SMP096,27.1," "," "
1008,454.1,HeII,SMP096,5.3," "," "
1009,468.6,HeII,SMP096,90.7," "," "
1010,471.3,"[AriV],HeI,[NeIV]",SMP096,8.8," "," "
1011,474.0,[ArIV],SMP096,4.4," "," "
1012,486.1,Hbeta,SMP096,100.0," "," "
1013,495.9,[OIII],SMP096,224.4," "," "
1014,500.7,[OIII],SMP096,644.9," "," "
1015,519.9,[NI],SMP096,5.6," "," "
1016,541.2,HeII,SMP096,3.2," "," "
1017,575.5,[NII],SMP096,14.9," "," "
1018,587.6,HeI,SMP096,18.5," "," "
1019,630.0,[OI],SMP096,27.6," "," "
1020,631.2,[SIII],SMP096,6.9," "," "
1021,636.4,[OI],SMP096,12.3," "," "
1022,654.8,[NII],SMP096,201.8," "," "
1023,656.3,Halpha,SMP096,273.8," "," "
1024,658.3,[NII],SMP096,603.1," "," "
1025,667.8,HeI,SMP096,3.8," "," "
1026,671.7,[SII],SMP096,50.4," "," "
1027,673.1,[SII],SMP096,60.5," "," "
1028,700.6,[ArV],SMP096,6.1," "," "
1029,706.5,HeI,SMP096,11.4," "," "
1030,713.6,[ArIII],SMP096,29.7," "," "
1031,732.0,[OII],SMP096,13.3," "," "
1032,733.0,[OII],SMP096,9.5," "," "
1033,334.6,[Nev],SMP097,131.0," "," "
1034,342.6,[Nev],SMP097,446.8," "," "
1035,344.4,OIII,SMP097,176.4," "," "
1036,372.7,[OII],SMP097,21.4," "," "
1037,374.9,"HeII,H12",SMP097,1.5," "," "
1038,375.9,OIII,SMP097,4.8," "," "
1039,377.1,"H11,HeII,OIII",SMP097,4.0," "," "
1040,379.8,H10,SMP097,5.0," "," "
1041,383.4,"HeII,H9",SMP097,6.7," "," "
1042,386.9,[NeIII],SMP097,55.2," "," "
1043,388.9,"H8,HeI",SMP097,15.1," "," "
1044,396.9,"[NeIII],Hepsi",SMP097,33.6," "," "
1045,402.6,HeI,SMP097,0.7," "," "
1046,406.9,[SII],SMP097,2.5," "," "
1047,407.6,[SII],SMP097,1.3," "," "
1048,410.2,"Hdelta,NIII",SMP097,25.9," "," "
1049,434.0,Hgamma,SMP097,46.7," "," "
1050,436.3,[OIII],SMP097,18.0," "," "
1051,447.2,HeI,SMP097,2.0," "," "
1052,454.1,HeII,SMP097,2.1," "," "
1053,468.6,HeII,SMP097,66.3," "," "
1054,471.3,"[AriV],HeI,[NeIV]",SMP097,5.8," "," "
1055,474.0,[ArIV],SMP097,4.5," "," "
1056,486.1,Hbeta,SMP097,100.0," "," "
1057,495.9,[OIII],SMP097,337.6," "," "
1058,500.7,[OIII],SMP097,958.7," "," "
1059,541.2,HeII,SMP097,4.5," "," "
1060,587.6,HeI,SMP097,4.8," "," "
1061,630.0,[OI],SMP097,2.8," "," "
1062,631.2,[SIII],SMP097,1.5," "," "
1063,636.4,[OI],SMP097,2.6," "," "
1064,656.3,Halpha,SMP097,278.1," "," "
1065,658.3,[NII],SMP097,6.0," "," "
1066,700.6,[ArV],SMP097,1.6," "," "
1067,713.6,[ArIII],SMP097,5.0," "," "
1068,372.7,[OII],SMP01,27.9," "," "
1069,374.9,"HeII,H12",SMP01,2.6," "," "
1070,377.1,"H11,HeII,OIII",SMP01,3.2," "," "
1071,379.8,H10,SMP01,5.4," "," "
1072,383.4,"HeII,H9",SMP01,6.7," "," "
1073,386.9,[NeIII],SMP01,3.9," "," "
1074,388.9,"H8,HeI",SMP01,13.1," "," "
1075,396.9,"[NeIII],Hepsi",SMP01,17.8," "," "
1076,402.6,HeI,SMP01,1.7," "," "
1077,410.2,"Hdelta,NIII",SMP01,26.3," "," "
1078,434.0,Hgamma,SMP01,46.6," "," "
1079,436.3,[OIII],SMP01,2.1," "," "
1080,447.2,HeI,SMP01,3.1," "," "
1081,486.1,Hbeta,SMP01,100.0," "," "
1082,495.9,[OIII],SMP01,81.5," "," "
1083,500.7,[OIII],SMP01,236.5," "," "
1084,587.6,HeI,SMP01,12.7," "," "
1085,636.4,[OI],SMP01,1.2," "," "
1086,654.8,[NII],SMP01,5.1," "," "
1087,656.3,Halpha,SMP01,,s," "
1088,658.3,[NII],SMP01,16.7," "," "
1089,667.8,HeI,SMP01,2.4," "," "
1090,706.5,HeI,SMP01,7.9," "," "
1091,713.6,[ArIII],SMP01,4.3," "," "
1092,732.0,[OII],SMP01,11.7," "," "
1093,733.0,[OII],SMP01,8.3," "," "
1094,344.4,OIII,SMP03,2.9," "," "
1095,372.7,[OII],SMP03,15.2," "," "
1096,374.9,"HeII,H12",SMP03,3.2," "," "
1097,377.1,"H11,HeII,OIII",SMP03,4.1," "," "
1098,379.8,H10,SMP03,5.1," "," "
1099,383.4,"HeII,H9",SMP03,7.4," "," "
1100,386.9,[NeIII],SMP03,41.6," "," "
1101,388.9,"H8,HeI",SMP03,21.7," "," "
1102,396.9,"[NeIII],Hepsi",SMP03,28.1," "," "
1103,402.6,HeI,SMP03,3.1," "," "
1104,406.9,[SII],SMP03,1.5," "," "
1105,410.2,"Hdelta,NIII",SMP03,26.3," "," "
1106,426.7,CII,SMP03,1.3," "," "
1107,434.0,Hgamma,SMP03,47.2," "," "
1108,436.3,[OIII],SMP03,12.0," "," "
1109,447.2,HeI,SMP03,6.1," "," "
1110,464.8,CIII,SMP03,2.4," "," "
1111,468.6,HeII,SMP03,11.2," "," "
1112,471.3,"[AriV],HeI,[NeIV]",SMP03,2.4," "," "
1113,474.0,[ArIV],SMP03,1.4," "," "
1114,486.1,Hbeta,SMP03,100.0," "," "
1115,492.2,HeI,SMP03,1.5," "," "
1116,495.9,[OIII],SMP03,274.2," "," "
1117,500.7,[OIII],SMP03,,s," "
1118,541.2,HeII,SMP03,1.3," "," "
1119,587.6,HeI,SMP03,18.9," "," "
1120,630.0,[OI],SMP03,3.2," "," "
1121,636.4,[OI],SMP03,1.4," "," "
1122,654.8,[NII],SMP03,1.7," "," "
1123,656.3,Halpha,SMP03,280.3," "," "
1124,658.3,[NII],SMP03,4.5," "," "
1125,667.8,HeI,SMP03,6.4," "," "
1126,706.5,HeI,SMP03,7.5," "," "
1127,713.6,[ArIII],SMP03,3.2," "," "
1128,723.7,[ArIV],SMP03,,n," "
1129,728.1,HeI,SMP03,,n," "
1130,732.0,[OII],SMP03,,n," "
1131,733.0,[OII],SMP03,,n," "
1132,334.0,OIII,SMP07,,n," "
1133,334.6,[Nev],SMP07,,n," "
1134,372.7,[OII],SMP07,48.1," "," "
1135,377.1,"H11,HeII,OIII",SMP07,4.0," "," "
1136,379.8,H10,SMP07,5.3," "," "
1137,383.4,"HeII,H9",SMP07,6.4," "," "
1138,386.9,[NeIII],SMP07,86.7," "," "
1139,388.9,"H8,HeI",SMP07,23.5," "," "
1140,396.9,"[NeIII],Hepsi",SMP07,41.2," "," "
1141,406.9,[SII],SMP07,2.0," "," "
1142,410.2,"Hdelta,NIII",SMP07,25.9," "," "
1143,434.0,Hgamma,SMP07,46.9," "," "
1144,436.3,[OIII],SMP07,25.2," "," "
1145,447.2,HeI,SMP07,4.3," "," "
1146,454.1,HeII,SMP07,1.5," "," "
1147,468.6,HeII,SMP07,9.5," "," "
1148,471.3,"[AriV],HeI,[NeIV]",SMP07,4.4," "," "
1149,472.5,[NeIV],SMP07,2.2," "," "
1150,474.0,[ArIV],SMP07,3.8," "," "
1151,486.1,Hbeta,SMP07,100.0," "," "
1152,495.9,[OIII],SMP07,305.2," "," "
1153,500.7,[OIII],SMP07,934.1," "," "
1154,541.2,HeII,SMP07,1.4," "," "
1155,587.6,HeI,SMP07,4.6," "," "
1156,631.2,[SIII],SMP07,2.1," "," "
1157,654.8,[NII],SMP07,4.3," "," "
1158,656.3,Halpha,SMP07,273.8," "," "
1159,658.3,[NII],SMP07,12.9," "," "
1160,667.8,HeI,SMP07,2.8," "," "
1161,671.7,[SII],SMP07,2.6," "," "
1162,673.1,[SII],SMP07,3.5," "," "
1163,706.5,HeI,SMP07,4.0," "," "
1164,713.6,[ArIII],SMP07,2.4," "," "
1165,723.7,[ArIV],SMP07,,n," "
1166,728.1,HeI,SMP07,,n," "
1167,732.0,[OII],SMP07,,n," "
1168,733.0,[OII],SMP07,,n," "
1169,372.7,[OII],SMP13,20.8," "," "
1170,374.9,"HeII,H12",SMP13,3.1," "," "
1171,377.1,"H11,HeII,OIII",SMP13,4.2," "," "
1172,379.8,H10,SMP13,5.3," "," "
1173,383.4,"HeII,H9",SMP13,7.6," "," "
1174,386.9,[NeIII],SMP13,43.2," "," "
1175,388.9,"H8,HeI",SMP13,15.7," "," "
1176,396.9,"[NeIII],Hepsi",SMP13,29.1," "," "
1177,402.6,HeI,SMP13,2.2," "," "
1178,406.9,[SII],SMP13,2.1," "," "
1179,407.6,[SII],SMP13,1.1," "," "
1180,410.2,"Hdelta,NIII",SMP13,26.3," "," "
1181,426.7,CII,SMP13,0.8," "," "
1182,434.0,Hgamma,SMP13,46.8," "," "
1183,436.3,[OIII],SMP13,12.8," "," "
1184,447.2,HeI,SMP13,5.9," "," "
1185,471.3,"[AriV],HeI,[NeIV]",SMP13,1.8," "," "
1186,474.0,[ArIV],SMP13,1.0," "," "
1187,486.1,Hbeta,SMP13,100.0," "," "
1188,495.9,[OIII],SMP13,289.7," "," "
1189,500.7,[OIII],SMP13,,s," "
1190,587.6,HeI,SMP13,12.7," "," "
1191,630.0,[OI],SMP13,1.8," "," "
1192,631.2,[SIII],SMP13,0.9," "," "
1193,656.3,Halpha,SMP13,,s," "
1194,658.3,[NII],SMP13,4.8," "," "
1195,667.8,HeI,SMP13,4.5," "," "
1196,706.5,HeI,SMP13,7.0," "," "
1197,713.6,[ArIII],SMP13,4.2," "," "
1198,728.1,HeI,SMP13,1.6," "," "
1199,732.0,[OII],SMP13,3.6," "," "
1200,733.0,[OII],SMP13,3.5," "," "
1201,370.4,H16,SMP15,1.6," "," "
1202,371.2,H15,SMP15,1.8," "," "
1203,372.7,[OII],SMP15,13.7," "," "
1204,373.4,H13,SMP15,3.4," "," "
1205,374.9,"HeII,H12",SMP15,2.8," "," "
1206,377.1,"H11,HeII,OIII",SMP15,4.1," "," "
1207,379.8,H10,SMP15,4.9," "," "
1208,382.0,HeI,SMP15,1.6," "," "
1209,383.4,"HeII,H9",SMP15,7.5," "," "
1210,386.9,[NeIII],SMP15,48.1," "," "
1211,388.9,"H8,HeI",SMP15,16.7," "," "
1212,396.9,"[NeIII],Hepsi",SMP15,26.4," "," "
1213,402.6,HeI,SMP15,3.1," "," "
1214,406.9,[SII],SMP15,1.0," "," "
1215,410.2,"Hdelta,NIII",SMP15,27.3," "," "
1216,426.7,CII,SMP15,0.5," "," "
1217,434.0,Hgamma,SMP15,46.5," "," "
1218,436.3,[OIII],SMP15,6.4," "," "
1219,447.2,HeI,SMP15,5.8," "," "
1220,471.3,"[AriV],HeI,[NeIV]",SMP15,1.2," "," "
1221,486.1,Hbeta,SMP15,100.0," "," "
1222,492.2,HeI,SMP15,1.4," "," "
1223,495.9,[OIII],SMP15,200.9," "," "
1224,500.7,[OIII],SMP15,,s," "
1225,575.5,[NII],SMP15,0.5," "," "
1226,587.6,HeI,SMP15,15.1," "," "
1227,630.0,[OI],SMP15,2.2," "," "
1228,631.2,[SIII],SMP15,0.9," "," "
1229,636.4,[OI],SMP15,0.9," "," "
1230,654.8,[NII],SMP15,3.8," "," "
1231,656.3,Halpha,SMP15,284.1," "," "
1232,658.3,[NII],SMP15,11.5," "," "
1233,667.8,HeI,SMP15,3.5," "," "
1234,706.5,HeI,SMP15,7.8," "," "
1235,713.6,[ArIII],SMP15,4.9," "," "
1236,723.7,[ArIV],SMP15,,n," "
1237,728.1,HeI,SMP15,,n," "
1238,732.0,[OII],SMP15,,n," "
1239,733.0,[OII],SMP15,,n," "
1240,372.7,[OII],SMP16,101.2," "," "
1241,374.9,"HeII,H12",SMP16,3.6," "," "
1242,377.1,"H11,HeII,OIII",SMP16,4.4," "," "
1243,379.8,H10,SMP16,5.9," "," "
1244,382.0,HeI,SMP16,1.6," "," "
1245,383.4,"HeII,H9",SMP16,5.9," "," "
1246,386.9,[NeIII],SMP16,2.7," "," "
1247,388.9,"H8,HeI",SMP16,17.5," "," "
1248,396.9,"[NeIII],Hepsi",SMP16,18.3," "," "
1249,402.6,HeI,SMP16,2.4," "," "
1250,406.9,[SII],SMP16,1.5," "," "
1251,407.6,[SII],SMP16,1.1," "," "
1252,410.2,"Hdelta,NIII",SMP16,25.0," "," "
1253,434.0,Hgamma,SMP16,47.3," "," "
1254,436.3,[OIII],SMP16,1.8," "," "
1255,447.2,HeI,SMP16,3.2," "," "
1256,471.3,"[AriV],HeI,[NeIV]",SMP16,1.1," "," "
1257,486.1,Hbeta,SMP16,100.0," "," "
1258,495.9,[OIII],SMP16,60.8," "," "
1259,500.7,[OIII],SMP16,167.4," "," "
1260,587.6,HeI,SMP16,8.3," "," "
1261,630.0,[OI],SMP16,0.5," "," "
1262,636.4,[OI],SMP16,0.4," "," "
1263,654.8,[NII],SMP16,4.5," "," "
1264,656.3,Halpha,SMP16,,s," "
1265,658.3,[NII],SMP16,13.0," "," "
1266,667.8,HeI,SMP16,1.2," "," "
1267,706.5,HeI,SMP16,3.3," "," "
1268,713.6,[ArIII],SMP16,1.5," "," "
1269,728.1,HeI,SMP16,0.5," "," "
1270,732.0,[OII],SMP16,5.1," "," "
1271,733.0,[OII],SMP16,2.7," "," "
1272,342.6,[Nev],SMP21,49.4," "," "
1273,372.7,[OII],SMP21,31.4," "," "
1274,374.9,"HeII,H12",SMP21,9.6," "," "
1275,375.9,OIII,SMP21,12.6," "," "
1276,386.9,[NeIII],SMP21,70.4," "," "
1277,388.9,"H8,HeI",SMP21,24.3," "," "
1278,396.9,"[NeIII],Hepsi",SMP21,33.9," "," "
1279,410.2,"Hdelta,NIII",SMP21,27.0," "," "
1280,434.0,Hgamma,SMP21,47.2," "," "
1281,436.3,[OIII],SMP21,31.5," "," "
1282,447.2,HeI,SMP21,10.5," "," "
1283,468.6,HeII,SMP21,38.6," "," "
1284,471.3,"[AriV],HeI,[NeIV]",SMP21,4.7," "," "
1285,474.0,[ArIV],SMP21,5.2," "," "
1286,486.1,Hbeta,SMP21,100.0," "," "
1287,495.9,[OIII],SMP21,184.8," "," "
1288,500.7,[OIII],SMP21,,s," "
1289,587.6,HeI,SMP21,26.5," "," "
1290,630.0,[OI],SMP21,3.5," "," "
1291,636.4,[OI],SMP21,5.7," "," "
1292,654.8,[NII],SMP21,29.4," "," "
1293,656.3,Halpha,SMP21,,s," "
1294,658.3,[NII],SMP21,82.2," "," "
1295,667.8,HeI,SMP21,3.1," "," "
1296,700.6,[ArV],SMP21,1.9," "," "
1297,706.5,HeI,SMP21,10.4," "," "
1298,713.6,[ArIII],SMP21,9.5," "," "
1299,728.1,HeI,SMP21,2.9," "," "
1300,732.0,[OII],SMP21,5.1," "," "
1301,733.0,[OII],SMP21,4.8," "," "
1302,334.6,[Nev],SMP22,28.5," "," "
1303,342.6,[Nev],SMP22,68.8," "," "
1304,344.4,OIII,SMP22,6.9," "," "
1305,358.7,HeI,SMP22,3.3," "," "
1306,370.4,H16,SMP22,0.9," "," "
1307,371.2,H15,SMP22,0.7," "," "
1308,372.7,[OII],SMP22,62.2," "," "
1309,373.4,H13,SMP22,2.9," "," "
1310,374.9,"HeII,H12",SMP22,3.1," "," "
1311,375.9,OIII,SMP22,2.0," "," "
1312,377.1,"H11,HeII,OIII",SMP22,4.2," "," "
1313,379.8,H10,SMP22,5.8," "," "
1314,381.4,HeII,SMP22,1.7," "," "
1315,382.0,HeI,SMP22,1.5," "," "
1316,383.4,"HeII,H9",SMP22,7.6," "," "
1317,386.9,[NeIII],SMP22,49.4," "," "
1318,388.9,"H8,HeI",SMP22,24.9," "," "
1319,396.9,"[NeIII],Hepsi",SMP22,31.2," "," "
1320,402.6,HeI,SMP22,4.3," "," "
1321,406.9,[SII],SMP22,4.4," "," "
1322,407.6,[SII],SMP22,1.7," "," "
1323,410.2,"Hdelta,NIII",SMP22,26.4," "," "
1324,434.0,Hgamma,SMP22,47.4," "," "
1325,436.3,[OIII],SMP22,12.8," "," "
1326,447.2,HeI,SMP22,4.9," "," "
1327,454.1,HeII,SMP22,2.9," "," "
1328,465.9,CIV,SMP22,1.0," "," "
1329,468.6,HeII,SMP22,65.9," "," "
1330,471.3,"[AriV],HeI,[NeIV]",SMP22,5.5," "," "
1331,472.5,[NeIV],SMP22,1.1," "," "
1332,474.0,[ArIV],SMP22,3.5," "," "
1333,486.1,Hbeta,SMP22,100.0," "," "
1334,492.2,HeI,SMP22,1.4," "," "
1335,495.9,[OIII],SMP22,89.6," "," "
1336,500.7,[OIII],SMP22,267.0," "," "
1337,519.9,[NI],SMP22,13.7," "," "
1338,541.2,HeII,SMP22,4.2," "," "
1339,557.7,[OI],SMP22,2.6," "," "
1340,575.5,[NII],SMP22,4.5," "," "
1341,587.6,HeI,SMP22,12.6," "," "
1342,608.7,[CaV],SMP22,2.0," "," "
1343,630.0,[OI],SMP22,15.8," "," "
1344,631.2,[SIII],SMP22,2.0," "," "
1345,636.4,[OI],SMP22,5.1," "," "
1346,654.8,[NII],SMP22,71.1," "," "
1347,656.3,Halpha,SMP22,270.9," "," "
1348,658.3,[NII],SMP22,203.3," "," "
1349,667.8,HeI,SMP22,3.1," "," "
1350,671.7,[SII],SMP22,8.9," "," "
1351,673.1,[SII],SMP22,12.4," "," "
1352,700.6,[ArV],SMP22,1.8," "," "
1353,706.5,HeI,SMP22,7.4," "," "
1354,713.6,[ArIII],SMP22,6.0," "," "
1355,723.7,[ArIV],SMP22,,n," "
1356,728.1,HeI,SMP22,,n," "
1357,732.0,[OII],SMP22,,n," "
1358,733.0,[OII],SMP22,,n," "
1359,334.0,OIII,SMP25,,n," "
1360,334.6,[Nev],SMP25,,n," "
1361,342.6,[Nev],SMP25,159.8," "," "
1362,344.4,OIII,SMP25,10.7," "," "
1363,372.7,[OII],SMP25,15.0," "," "
1364,377.1,"H11,HeII,OIII",SMP25,5.0," "," "
1365,379.8,H10,SMP25,5.2," "," "
1366,383.4,"HeII,H9",SMP25,9.1," "," "
1367,386.9,[NeIII],SMP25,52.8," "," "
1368,388.9,"H8,HeI",SMP25,21.3," "," "
1369,396.9,"[NeIII],Hepsi",SMP25,32.1," "," "
1370,402.6,HeI,SMP25,3.3," "," "
1371,406.9,[SII],SMP25,3.6," "," "
1372,410.2,"Hdelta,NIII",SMP25,26.4," "," "
1373,434.0,Hgamma,SMP25,47.7," "," "
1374,436.3,[OIII],SMP25,18.0," "," "
1375,447.2,HeI,SMP25,5.0," "," "
1376,454.1,HeII,SMP25,2.8," "," "
1377,468.6,HeII,SMP25,54.8," "," "
1378,471.3,"[AriV],HeI,[NeIV]",SMP25,4.2," "," "
1379,472.5,[NeIV],SMP25,2.9," "," "
1380,474.0,[ArIV],SMP25,4.3," "," "
1381,486.1,Hbeta,SMP25,100.0," "," "
1382,495.9,[OIII],SMP25,98.4," "," "
1383,500.7,[OIII],SMP25,281.2," "," "
1384,519.9,[NI],SMP25,1.4," "," "
1385,541.2,HeII,SMP25,3.5," "," "
1386,575.5,[NII],SMP25,2.7," "," "
1387,587.6,HeI,SMP25,10.2," "," "
1388,630.0,[OI],SMP25,4.1," "," "
1389,631.2,[SIII],SMP25,2.4," "," "
1390,636.4,[OI],SMP25,2.2," "," "
1391,654.8,[NII],SMP25,13.6," "," "
1392,656.3,Halpha,SMP25,270.7," "," "
1393,658.3,[NII],SMP25,40.2," "," "
1394,667.8,HeI,SMP25,2.8," "," "
1395,671.7,[SII],SMP25,1.2," "," "
1396,673.1,[SII],SMP25,1.6," "," "
1397,700.6,[ArV],SMP25,1.9," "," "
1398,706.5,HeI,SMP25,6.0," "," "
1399,713.6,[ArIII],SMP25,3.0," "," "
1400,723.7,[ArIV],SMP25,,n," "
1401,728.1,HeI,SMP25,,n," "
1402,732.0,[OII],SMP25,,n," "
1403,733.0,[OII],SMP25,,n," "
1404,334.0,OIII,SMP26,,n," "
1405,334.6,[Nev],SMP26,,n," "
1406,342.6,[Nev],SMP26,37.0," "," "
1407,372.7,[OII],SMP26,184.5," "," "
1408,374.9,"HeII,H12",SMP26,4.4," "," "
1409,377.1,"H11,HeII,OIII",SMP26,5.9," "," "
1410,379.8,H10,SMP26,6.5," "," "
1411,383.4,"HeII,H9",SMP26,11.3," "," "
1412,386.9,[NeIII],SMP26,67.5," "," "
1413,388.9,"H8,HeI",SMP26,20.6," "," "
1414,396.9,"[NeIII],Hepsi",SMP26,34.1," "," "
1415,406.9,[SII],SMP26,1.9," "," "
1416,410.2,"Hdelta,NIII",SMP26,26.9," "," "
1417,434.0,Hgamma,SMP26,46.6," "," "
1418,436.3,[OIII],SMP26,10.8," "," "
1419,447.2,HeI,SMP26,2.1," "," "
1420,454.1,HeII,SMP26,2.1," "," "
1421,468.6,HeII,SMP26,47.8," "," "
1422,471.3,"[AriV],HeI,[NeIV]",SMP26,3.0," "," "
1423,474.0,[ArIV],SMP26,1.7," "," "
1424,486.1,Hbeta,SMP26,100.0," "," "
1425,495.9,[OIII],SMP26,190.8," "," "
1426,500.7,[OIII],SMP26,569.2," "," "
1427,519.9,[NI],SMP26,11.0," "," "
1428,541.2,HeII,SMP26,4.1," "," "
1429,575.5,[NII],SMP26,5.8," "," "
1430,587.6,HeI,SMP26,12.7," "," "
1431,630.0,[OI],SMP26,17.7," "," "
1432,631.2,[SIII],SMP26,1.9," "," "
1433,636.4,[OI],SMP26,5.3," "," "
1434,654.8,[NII],SMP26,81.0," "," "
1435,656.3,Halpha,SMP26,278.4," "," "
1436,658.3,[NII],SMP26,272.6," "," "
1437,671.7,[SII],SMP26,10.3," "," "
1438,673.1,[SII],SMP26,11.9," "," "
1439,713.6,[ArIII],SMP26,5.7," "," "
1440,723.7,[ArIV],SMP26,,n," "
1441,728.1,HeI,SMP26,,n," "
1442,732.0,[OII],SMP26,,n," "
1443,733.0,[OII],SMP26,,n," "
1444,334.0,OIII,MG13,,n," "
1445,334.6,[Nev],MG13,,n," "
1446,342.6,[Nev],MG13,40.2," "," "
1447,386.9,[NeIII],MG13,25.9," "," "
1448,388.9,"H8,HeI",MG13,15.4," "," "
1449,396.9,"[NeIII],Hepsi",MG13,23.5," "," "
1450,410.2,"Hdelta,NIII",MG13,26.0," "," "
1451,434.0,Hgamma,MG13,48.4," "," "
1452,436.3,[OIII],MG13,11.7," "," "
1453,468.6,HeII,MG13,121.9," "," "
1454,486.1,Hbeta,MG13,100.0," "," "
1455,495.9,[OIII],MG13,94.8," "," "
1456,500.7,[OIII],MG13,270.9," "," "
1457,541.2,HeII,MG13,5.8," "," "
1458,630.0,[OI],MG13,12.9," "," "
1459,636.4,[OI],MG13,7.2," "," "
1460,656.3,Halpha,MG13,274.3," "," "
1461,723.7,[ArIV],MG13,,n," "
1462,728.1,HeI,MG13,,n," "
1463,732.0,[OII],MG13,,n," "
1464,733.0,[OII],MG13,,n," "
